Mach,AoA,Q_flutter_psf
0.74,0.0,198.922
0.742,0.0,198.13
0.744,0.0,197.32
0.746,0.0,198.383
0.748,0.0,197.548
0.75,0.0,198.606
0.752,0.0,197.747
0.754,0.0,198.8
0.756,0.0,197.916
0.758,0.0,198.964
0.76,0.0,198.055
0.762,0.0,197.127
0.764,0.0,196.182
0.766,0.0,195.218
0.768,0.0,194.237
0.77,0.0,195.249
0.772,0.0,194.242
0.774,0.0,193.216
0.776,0.0,192.171
0.778,0.0,193.163
0.78,0.0,192.092
0.782,0.0,193.078
0.784,0.0,194.067
0.786,0.0,192.961
0.788,0.0,193.944
0.79,0.0,192.811
0.792,0.0,195.918
0.794,0.0,196.909
0.796,0.0,197.902
0.798,0.0,201.06
0.8,0.0,202.069
0.802,0.0,203.081
0.804,0.0,206.289
0.806,0.0,207.317
0.808,0.0,208.347
0.81,0.0,211.607
0.812,0.0,214.892
0.8140000000000001,0.0,215.952
0.8160000000000001,0.0,219.275
0.8180000000000001,0.0,224.894
0.8200000000000001,0.0,228.278
0.8220000000000001,0.0,231.687
0.8240000000000001,0.0,237.426
0.8260000000000001,0.0,240.896
0.8280000000000001,0.0,246.719
0.8300000000000001,0.0,252.59
0.8320000000000001,0.0,258.509
0.8340000000000001,0.0,264.476
0.8360000000000001,0.0,272.865
0.8380000000000001,0.0,278.94
0.8400000000000001,0.0,287.459
0.8420000000000001,0.0,291.237
0.8440000000000001,0.0,297.459
0.8460000000000001,0.0,303.73
0.8480000000000001,0.0,307.609
0.8500000000000001,0.0,311.514
0.8520000000000001,0.0,315.447
0.8540000000000001,0.0,319.405
0.8560000000000001,0.0,320.903
0.8580000000000001,0.0,322.404
0.74,0.1,198.922
0.742,0.1,198.13
0.744,0.1,197.32
0.746,0.1,198.383
0.748,0.1,197.548
0.75,0.1,198.606
0.752,0.1,197.747
0.754,0.1,198.8
0.756,0.1,197.916
0.758,0.1,197.014
0.76,0.1,198.055
0.762,0.1,197.127
0.764,0.1,196.182
0.766,0.1,195.218
0.768,0.1,194.237
0.77,0.1,193.237
0.772,0.1,194.242
0.774,0.1,193.216
0.776,0.1,192.171
0.778,0.1,193.163
0.78,0.1,192.092
0.782,0.1,193.078
0.784,0.1,194.067
0.786,0.1,192.961
0.788,0.1,193.944
0.79,0.1,194.93
0.792,0.1,195.918
0.794,0.1,196.909
0.796,0.1,200.053
0.798,0.1,201.06
0.8,0.1,202.069
0.802,0.1,205.264
0.804,0.1,206.289
0.806,0.1,209.522
0.808,0.1,210.563
0.81,0.1,213.835
0.812,0.1,214.892
0.8140000000000001,0.1,218.201
0.8160000000000001,0.1,221.535
0.8180000000000001,0.1,224.894
0.8200000000000001,0.1,230.561
0.8220000000000001,0.1,233.981
0.8240000000000001,0.1,239.731
0.8260000000000001,0.1,243.213
0.8280000000000001,0.1,249.047
0.8300000000000001,0.1,257.268
0.8320000000000001,0.1,263.209
0.8340000000000001,0.1,269.199
0.8360000000000001,0.1,277.61
0.8380000000000001,0.1,283.708
0.8400000000000001,0.1,289.855
0.8420000000000001,0.1,296.051
0.8440000000000001,0.1,302.295
0.8460000000000001,0.1,306.16
0.8480000000000001,0.1,312.492
0.8500000000000001,0.1,316.42
0.8520000000000001,0.1,320.375
0.8540000000000001,0.1,324.357
0.8560000000000001,0.1,325.878
0.8580000000000001,0.1,327.403
0.74,0.2,198.922
0.742,0.2,198.13
0.744,0.2,197.32
0.746,0.2,198.383
0.748,0.2,197.548
0.75,0.2,198.606
0.752,0.2,197.747
0.754,0.2,198.8
0.756,0.2,197.916
0.758,0.2,197.014
0.76,0.2,196.094
0.762,0.2,197.127
0.764,0.2,196.182
0.766,0.2,195.218
0.768,0.2,194.237
0.77,0.2,193.237
0.772,0.2,194.242
0.774,0.2,193.216
0.776,0.2,194.215
0.778,0.2,193.163
0.78,0.2,194.157
0.782,0.2,193.078
0.784,0.2,194.067
0.786,0.2,192.961
0.788,0.2,193.944
0.79,0.2,194.93
0.792,0.2,195.918
0.794,0.2,199.049
0.796,0.2,200.053
0.798,0.2,201.06
0.8,0.2,204.242
0.802,0.2,205.264
0.804,0.2,208.484
0.806,0.2,209.522
0.808,0.2,212.78
0.81,0.2,213.835
0.812,0.2,217.13
0.8140000000000001,0.2,220.451
0.8160000000000001,0.2,223.796
0.8180000000000001,0.2,227.166
0.8200000000000001,0.2,232.844
0.8220000000000001,0.2,236.275
0.8240000000000001,0.2,242.036
0.8260000000000001,0.2,247.845
0.8280000000000001,0.2,253.702
0.8300000000000001,0.2,259.607
0.8320000000000001,0.2,267.91
0.8340000000000001,0.2,273.922
0.8360000000000001,0.2,279.983
0.8380000000000001,0.2,288.476
0.8400000000000001,0.2,294.646
0.8420000000000001,0.2,300.864
0.8440000000000001,0.2,307.132
0.8460000000000001,0.2,311.019
0.8480000000000001,0.2,317.374
0.8500000000000001,0.2,321.326
0.8520000000000001,0.2,325.304
0.8540000000000001,0.2,329.309
0.8560000000000001,0.2,330.854
0.8580000000000001,0.2,332.401
0.74,0.30000000000000004,198.922
0.742,0.30000000000000004,198.13
0.744,0.30000000000000004,197.32
0.746,0.30000000000000004,196.493
0.748,0.30000000000000004,197.548
0.75,0.30000000000000004,196.696
0.752,0.30000000000000004,197.747
0.754,0.30000000000000004,196.87
0.756,0.30000000000000004,197.916
0.758,0.30000000000000004,197.014
0.76,0.30000000000000004,196.094
0.762,0.30000000000000004,197.127
0.764,0.30000000000000004,196.182
0.766,0.30000000000000004,195.218
0.768,0.30000000000000004,194.237
0.77,0.30000000000000004,193.237
0.772,0.30000000000000004,194.242
0.774,0.30000000000000004,193.216
0.776,0.30000000000000004,194.215
0.778,0.30000000000000004,193.163
0.78,0.30000000000000004,194.157
0.782,0.30000000000000004,193.078
0.784,0.30000000000000004,194.067
0.786,0.30000000000000004,192.961
0.788,0.30000000000000004,193.944
0.79,0.30000000000000004,194.93
0.792,0.30000000000000004,198.048
0.794,0.30000000000000004,199.049
0.796,0.30000000000000004,200.053
0.798,0.30000000000000004,203.222
0.8,0.30000000000000004,204.242
0.802,0.30000000000000004,207.448
0.804,0.30000000000000004,208.484
0.806,0.30000000000000004,211.728
0.808,0.30000000000000004,212.78
0.81,0.30000000000000004,216.062
0.812,0.30000000000000004,219.369
0.8140000000000001,0.30000000000000004,222.7
0.8160000000000001,0.30000000000000004,226.057
0.8180000000000001,0.30000000000000004,229.438
0.8200000000000001,0.30000000000000004,235.127
0.8220000000000001,0.30000000000000004,238.569
0.8240000000000001,0.30000000000000004,244.341
0.8260000000000001,0.30000000000000004,250.162
0.8280000000000001,0.30000000000000004,256.03
0.8300000000000001,0.30000000000000004,264.284
0.8320000000000001,0.30000000000000004,270.26
0.8340000000000001,0.30000000000000004,278.645
0.8360000000000001,0.30000000000000004,284.728
0.8380000000000001,0.30000000000000004,293.244
0.8400000000000001,0.30000000000000004,299.437
0.8420000000000001,0.30000000000000004,305.678
0.8440000000000001,0.30000000000000004,311.969
0.8460000000000001,0.30000000000000004,315.879
0.8480000000000001,0.30000000000000004,322.257
0.8500000000000001,0.30000000000000004,326.232
0.8520000000000001,0.30000000000000004,330.233
0.8540000000000001,0.30000000000000004,334.261
0.8560000000000001,0.30000000000000004,335.829
0.8580000000000001,0.30000000000000004,337.4
0.74,0.4,197.063
0.742,0.4,198.13
0.744,0.4,197.32
0.746,0.4,196.493
0.748,0.4,197.548
0.75,0.4,196.696
0.752,0.4,197.747
0.754,0.4,196.87
0.756,0.4,195.975
0.758,0.4,197.014
0.76,0.4,196.094
0.762,0.4,197.127
0.764,0.4,196.182
0.766,0.4,195.218
0.768,0.4,194.237
0.77,0.4,193.237
0.772,0.4,194.242
0.774,0.4,193.216
0.776,0.4,194.215
0.778,0.4,193.163
0.78,0.4,194.157
0.782,0.4,193.078
0.784,0.4,194.067
0.786,0.4,195.058
0.788,0.4,193.944
0.79,0.4,197.049
0.792,0.4,198.048
0.794,0.4,199.049
0.796,0.4,202.204
0.798,0.4,203.222
0.8,0.4,206.415
0.802,0.4,207.448
0.804,0.4,210.678
0.806,0.4,211.728
0.808,0.4,214.996
0.81,0.4,216.062
0.812,0.4,219.369
0.8140000000000001,0.4,222.7
0.8160000000000001,0.4,228.317
0.8180000000000001,0.4,231.709
0.8200000000000001,0.4,235.127
0.8220000000000001,0.4,240.863
0.8240000000000001,0.4,246.646
0.8260000000000001,0.4,252.478
0.8280000000000001,0.4,260.685
0.8300000000000001,0.4,266.623
0.8320000000000001,0.4,274.96
0.8340000000000001,0.4,281.006
0.8360000000000001,0.4,289.474
0.8380000000000001,0.4,295.629
0.8400000000000001,0.4,304.228
0.8420000000000001,0.4,310.492
0.8440000000000001,0.4,314.387
0.8460000000000001,0.4,320.739
0.8480000000000001,0.4,327.14
0.8500000000000001,0.4,331.137
0.8520000000000001,0.4,335.162
0.8540000000000001,0.4,339.213
0.8560000000000001,0.4,340.804
0.8580000000000001,0.4,339.899
0.74,0.5,197.063
0.742,0.5,196.261
0.744,0.5,197.32
0.746,0.5,196.493
0.748,0.5,195.649
0.75,0.5,196.696
0.752,0.5,195.827
0.754,0.5,196.87
0.756,0.5,195.975
0.758,0.5,197.014
0.76,0.5,196.094
0.762,0.5,195.156
0.764,0.5,196.182
0.766,0.5,195.218
0.768,0.5,194.237
0.77,0.5,193.237
0.772,0.5,192.218
0.774,0.5,193.216
0.776,0.5,194.215
0.778,0.5,193.163
0.78,0.5,194.157
0.782,0.5,193.078
0.784,0.5,194.067
0.786,0.5,195.058
0.788,0.5,196.052
0.79,0.5,197.049
0.792,0.5,198.048
0.794,0.5,199.049
0.796,0.5,202.204
0.798,0.5,203.222
0.8,0.5,206.415
0.802,0.5,209.632
0.804,0.5,210.678
0.806,0.5,213.933
0.808,0.5,214.996
0.81,0.5,218.289
0.812,0.5,221.607
0.8140000000000001,0.5,224.95
0.8160000000000001,0.5,228.317
0.8180000000000001,0.5,233.981
0.8200000000000001,0.5,237.409
0.8220000000000001,0.5,243.157
0.8240000000000001,0.5,248.952
0.8260000000000001,0.5,254.794
0.8280000000000001,0.5,263.012
0.8300000000000001,0.5,271.301
0.8320000000000001,0.5,277.31
0.8340000000000001,0.5,285.729
0.8360000000000001,0.5,294.219
0.8380000000000001,0.5,300.397
0.8400000000000001,0.5,306.623
0.8420000000000001,0.5,312.899
0.8440000000000001,0.5,319.224
0.8460000000000001,0.5,325.598
0.8480000000000001,0.5,332.022
0.8500000000000001,0.5,336.043
0.8520000000000001,0.5,340.091
0.8540000000000001,0.5,344.165
0.8560000000000001,0.5,343.292
0.8580000000000001,0.5,344.898
0.74,0.6000000000000001,197.063
0.742,0.6000000000000001,196.261
0.744,0.6000000000000001,197.32
0.746,0.6000000000000001,196.493
0.748,0.6000000000000001,195.649
0.75,0.6000000000000001,196.696
0.752,0.6000000000000001,195.827
0.754,0.6000000000000001,194.94
0.756,0.6000000000000001,195.975
0.758,0.6000000000000001,195.063
0.76,0.6000000000000001,196.094
0.762,0.6000000000000001,195.156
0.764,0.6000000000000001,194.2
0.766,0.6000000000000001,193.226
0.768,0.6000000000000001,194.237
0.77,0.6000000000000001,193.237
0.772,0.6000000000000001,192.218
0.774,0.6000000000000001,193.216
0.776,0.6000000000000001,194.215
0.778,0.6000000000000001,193.163
0.78,0.6000000000000001,194.157
0.782,0.6000000000000001,193.078
0.784,0.6000000000000001,194.067
0.786,0.6000000000000001,195.058
0.788,0.6000000000000001,196.052
0.79,0.6000000000000001,197.049
0.792,0.6000000000000001,198.048
0.794,0.6000000000000001,201.19
0.796,0.6000000000000001,202.204
0.798,0.6000000000000001,205.384
0.8,0.6000000000000001,206.415
0.802,0.6000000000000001,209.632
0.804,0.6000000000000001,210.678
0.806,0.6000000000000001,213.933
0.808,0.6000000000000001,217.213
0.81,0.6000000000000001,220.517
0.812,0.6000000000000001,223.846
0.8140000000000001,0.6000000000000001,227.199
0.8160000000000001,0.6000000000000001,230.578
0.8180000000000001,0.6000000000000001,233.981
0.8200000000000001,0.6000000000000001,237.409
0.8220000000000001,0.6000000000000001,243.157
0.8240000000000001,0.6000000000000001,248.952
0.8260000000000001,0.6000000000000001,257.11
0.8280000000000001,0.6000000000000001,265.34
0.8300000000000001,0.6000000000000001,273.639
0.8320000000000001,0.6000000000000001,279.66
0.8340000000000001,0.6000000000000001,288.09
0.8360000000000001,0.6000000000000001,294.219
0.8380000000000001,0.6000000000000001,302.781
0.8400000000000001,0.6000000000000001,309.019
0.8420000000000001,0.6000000000000001,315.306
0.8440000000000001,0.6000000000000001,321.642
0.8460000000000001,0.6000000000000001,328.028
0.8480000000000001,0.6000000000000001,334.464
0.8500000000000001,0.6000000000000001,340.949
0.8520000000000001,0.6000000000000001,345.02
0.8540000000000001,0.6000000000000001,346.641
0.8560000000000001,0.6000000000000001,348.267
0.8580000000000001,0.6000000000000001,347.397
0.74,0.7000000000000001,197.063
0.742,0.7000000000000001,196.261
0.744,0.7000000000000001,195.441
0.746,0.7000000000000001,196.493
0.748,0.7000000000000001,195.649
0.75,0.7000000000000001,194.787
0.752,0.7000000000000001,195.827
0.754,0.7000000000000001,194.94
0.756,0.7000000000000001,194.035
0.758,0.7000000000000001,195.063
0.76,0.7000000000000001,194.133
0.762,0.7000000000000001,193.185
0.764,0.7000000000000001,194.2
0.766,0.7000000000000001,193.226
0.768,0.7000000000000001,192.234
0.77,0.7000000000000001,193.237
0.772,0.7000000000000001,192.218
0.774,0.7000000000000001,193.216
0.776,0.7000000000000001,192.171
0.778,0.7000000000000001,193.163
0.78,0.7000000000000001,194.157
0.782,0.7000000000000001,193.078
0.784,0.7000000000000001,194.067
0.786,0.7000000000000001,195.058
0.788,0.7000000000000001,196.052
0.79,0.7000000000000001,197.049
0.792,0.7000000000000001,200.177
0.794,0.7000000000000001,201.19
0.796,0.7000000000000001,202.204
0.798,0.7000000000000001,205.384
0.8,0.7000000000000001,208.587
0.802,0.7000000000000001,209.632
0.804,0.7000000000000001,212.873
0.806,0.7000000000000001,216.139
0.808,0.7000000000000001,217.213
0.81,0.7000000000000001,220.517
0.812,0.7000000000000001,223.846
0.8140000000000001,0.7000000000000001,227.199
0.8160000000000001,0.7000000000000001,230.578
0.8180000000000001,0.7000000000000001,236.253
0.8200000000000001,0.7000000000000001,239.692
0.8220000000000001,0.7000000000000001,245.451
0.8240000000000001,0.7000000000000001,251.257
0.8260000000000001,0.7000000000000001,259.427
0.8280000000000001,0.7000000000000001,267.667
0.8300000000000001,0.7000000000000001,273.639
0.8320000000000001,0.7000000000000001,282.01
0.8340000000000001,0.7000000000000001,288.09
0.8360000000000001,0.7000000000000001,294.219
0.8380000000000001,0.7000000000000001,302.781
0.8400000000000001,0.7000000000000001,309.019
0.8420000000000001,0.7000000000000001,317.713
0.8440000000000001,0.7000000000000001,324.061
0.8460000000000001,0.7000000000000001,332.888
0.8480000000000001,0.7000000000000001,339.346
0.8500000000000001,0.7000000000000001,343.402
0.8520000000000001,0.7000000000000001,347.484
0.8540000000000001,0.7000000000000001,351.593
0.8560000000000001,0.7000000000000001,350.755
0.8580000000000001,0.7000000000000001,349.896
0.74,0.8,197.063
0.742,0.8,196.261
0.744,0.8,195.441
0.746,0.8,196.493
0.748,0.8,195.649
0.75,0.8,194.787
0.752,0.8,193.907
0.754,0.8,194.94
0.756,0.8,194.035
0.758,0.8,193.112
0.76,0.8,194.133
0.762,0.8,193.185
0.764,0.8,192.218
0.766,0.8,193.226
0.768,0.8,192.234
0.77,0.8,193.237
0.772,0.8,192.218
0.774,0.8,193.216
0.776,0.8,192.171
0.778,0.8,193.163
0.78,0.8,192.092
0.782,0.8,193.078
0.784,0.8,194.067
0.786,0.8,195.058
0.788,0.8,196.052
0.79,0.8,197.049
0.792,0.8,200.177
0.794,0.8,201.19
0.796,0.8,204.356
0.798,0.8,205.384
0.8,0.8,208.587
0.802,0.8,211.815
0.804,0.8,212.873
0.806,0.8,216.139
0.808,0.8,219.429
0.81,0.8,220.517
0.812,0.8,223.846
0.8140000000000001,0.8,227.199
0.8160000000000001,0.8,230.578
0.8180000000000001,0.8,236.253
0.8200000000000001,0.8,239.692
0.8220000000000001,0.8,245.451
0.8240000000000001,0.8,253.562
0.8260000000000001,0.8,259.427
0.8280000000000001,0.8,267.667
0.8300000000000001,0.8,273.639
0.8320000000000001,0.8,279.66
0.8340000000000001,0.8,288.09
0.8360000000000001,0.8,296.592
0.8380000000000001,0.8,305.165
0.8400000000000001,0.8,311.414
0.8420000000000001,0.8,320.12
0.8440000000000001,0.8,328.897
0.8460000000000001,0.8,335.318
0.8480000000000001,0.8,341.788
0.8500000000000001,0.8,348.308
0.8520000000000001,0.8,352.413
0.8540000000000001,0.8,354.069
0.8560000000000001,0.8,353.242
0.8580000000000001,0.8,352.396
0.74,0.9,197.063
0.742,0.9,196.261
0.744,0.9,195.441
0.746,0.9,194.604
0.748,0.9,193.749
0.75,0.9,194.787
0.752,0.9,193.907
0.754,0.9,193.01
0.756,0.9,194.035
0.758,0.9,193.112
0.76,0.9,192.172
0.762,0.9,193.185
0.764,0.9,192.218
0.766,0.9,191.234
0.768,0.9,192.234
0.77,0.9,193.237
0.772,0.9,192.218
0.774,0.9,191.182
0.776,0.9,192.171
0.778,0.9,193.163
0.78,0.9,192.092
0.782,0.9,193.078
0.784,0.9,194.067
0.786,0.9,197.156
0.788,0.9,198.16
0.79,0.9,199.168
0.792,0.9,200.177
0.794,0.9,203.33
0.796,0.9,204.356
0.798,0.9,207.546
0.8,0.9,208.587
0.802,0.9,211.815
0.804,0.9,215.068
0.806,0.9,216.139
0.808,0.9,219.429
0.81,0.9,222.744
0.812,0.9,226.084
0.8140000000000001,0.9,229.449
0.8160000000000001,0.9,232.838
0.8180000000000001,0.9,236.253
0.8200000000000001,0.9,241.975
0.8220000000000001,0.9,247.745
0.8240000000000001,0.9,253.562
0.8260000000000001,0.9,259.427
0.8280000000000001,0.9,265.34
0.8300000000000001,0.9,275.978
0.8320000000000001,0.9,286.71
0.8340000000000001,0.9,295.174
0.8360000000000001,0.9,301.337
0.8380000000000001,0.9,309.933
0.8400000000000001,0.9,318.601
0.8420000000000001,0.9,324.934
0.8440000000000001,0.9,333.734
0.8460000000000001,0.9,340.177
0.8480000000000001,0.9,346.67
0.8500000000000001,0.9,353.213
0.8520000000000001,0.9,354.877
0.8540000000000001,0.9,356.545
0.8560000000000001,0.9,355.73
0.8580000000000001,0.9,349.896
0.74,1.0,197.063
0.742,1.0,196.261
0.744,1.0,195.441
0.746,1.0,194.604
0.748,1.0,193.749
0.75,1.0,192.877
0.752,1.0,193.907
0.754,1.0,193.01
0.756,1.0,192.095
0.758,1.0,193.112
0.76,1.0,192.172
0.762,1.0,191.213
0.764,1.0,192.218
0.766,1.0,191.234
0.768,1.0,192.234
0.77,1.0,193.237
0.772,1.0,192.218
0.774,1.0,191.182
0.776,1.0,192.171
0.778,1.0,193.163
0.78,1.0,194.157
0.782,1.0,195.154
0.784,1.0,196.154
0.786,1.0,197.156
0.788,1.0,198.16
0.79,1.0,199.168
0.792,1.0,200.177
0.794,1.0,203.33
0.796,1.0,204.356
0.798,1.0,207.546
0.8,1.0,210.76
0.802,1.0,211.815
0.804,1.0,215.068
0.806,1.0,218.344
0.808,1.0,219.429
0.81,1.0,222.744
0.812,1.0,226.084
0.8140000000000001,1.0,229.449
0.8160000000000001,1.0,232.838
0.8180000000000001,1.0,238.524
0.8200000000000001,1.0,241.975
0.8220000000000001,1.0,247.745
0.8240000000000001,1.0,253.562
0.8260000000000001,1.0,264.059
0.8280000000000001,1.0,274.65
0.8300000000000001,1.0,285.333
0.8320000000000001,1.0,296.111
0.8340000000000001,1.0,304.62
0.8360000000000001,1.0,313.201
0.8380000000000001,1.0,319.47
0.8400000000000001,1.0,325.787
0.8420000000000001,1.0,332.154
0.8440000000000001,1.0,338.571
0.8460000000000001,1.0,345.037
0.8480000000000001,1.0,351.553
0.8500000000000001,1.0,355.666
0.8520000000000001,1.0,357.342
0.8540000000000001,1.0,356.545
0.8560000000000001,1.0,353.242
0.8580000000000001,1.0,347.397
0.74,1.1,197.063
0.742,1.1,196.261
0.744,1.1,195.441
0.746,1.1,194.604
0.748,1.1,193.749
0.75,1.1,192.877
0.752,1.1,191.987
0.754,1.1,193.01
0.756,1.1,192.095
0.758,1.1,191.162
0.76,1.1,192.172
0.762,1.1,191.213
0.764,1.1,190.237
0.766,1.1,191.234
0.768,1.1,192.234
0.77,1.1,191.224
0.772,1.1,192.218
0.774,1.1,191.182
0.776,1.1,192.171
0.778,1.1,193.163
0.78,1.1,194.157
0.782,1.1,195.154
0.784,1.1,196.154
0.786,1.1,197.156
0.788,1.1,198.16
0.79,1.1,201.286
0.792,1.1,202.307
0.794,1.1,203.33
0.796,1.1,206.507
0.798,1.1,207.546
0.8,1.1,210.76
0.802,1.1,213.999
0.804,1.1,215.068
0.806,1.1,218.344
0.808,1.1,221.646
0.81,1.1,224.972
0.812,1.1,226.084
0.8140000000000001,1.1,229.449
0.8160000000000001,1.1,232.838
0.8180000000000001,1.1,238.524
0.8200000000000001,1.1,241.975
0.8220000000000001,1.1,250.038
0.8240000000000001,1.1,260.477
0.8260000000000001,1.1,273.325
0.8280000000000001,1.1,286.288
0.8300000000000001,1.1,297.027
0.8320000000000001,1.1,307.861
0.8340000000000001,1.1,318.788
0.8360000000000001,1.1,327.437
0.8380000000000001,1.1,331.39
0.8400000000000001,1.1,335.369
0.8420000000000001,1.1,339.375
0.8440000000000001,1.1,343.408
0.8460000000000001,1.1,349.897
0.8480000000000001,1.1,356.436
0.8500000000000001,1.1,358.119
0.8520000000000001,1.1,357.342
0.8540000000000001,1.1,354.069
0.8560000000000001,1.1,350.755
0.8580000000000001,1.1,347.397
0.74,1.2000000000000002,197.063
0.742,1.2000000000000002,194.392
0.744,1.2000000000000002,193.562
0.746,1.2000000000000002,192.715
0.748,1.2000000000000002,191.85
0.75,1.2000000000000002,192.877
0.752,1.2000000000000002,191.987
0.754,1.2000000000000002,191.08
0.756,1.2000000000000002,192.095
0.758,1.2000000000000002,191.162
0.76,1.2000000000000002,190.211
0.762,1.2000000000000002,191.213
0.764,1.2000000000000002,190.237
0.766,1.2000000000000002,191.234
0.768,1.2000000000000002,190.232
0.77,1.2000000000000002,191.224
0.772,1.2000000000000002,192.218
0.774,1.2000000000000002,191.182
0.776,1.2000000000000002,192.171
0.778,1.2000000000000002,193.163
0.78,1.2000000000000002,194.157
0.782,1.2000000000000002,195.154
0.784,1.2000000000000002,198.241
0.786,1.2000000000000002,199.253
0.788,1.2000000000000002,200.269
0.79,1.2000000000000002,201.286
0.792,1.2000000000000002,202.307
0.794,1.2000000000000002,203.33
0.796,1.2000000000000002,206.507
0.798,1.2000000000000002,207.546
0.8,1.2000000000000002,210.76
0.802,1.2000000000000002,213.999
0.804,1.2000000000000002,217.262
0.806,1.2000000000000002,218.344
0.808,1.2000000000000002,221.646
0.81,1.2000000000000002,224.972
0.812,1.2000000000000002,228.323
0.8140000000000001,1.2000000000000002,231.698
0.8160000000000001,1.2000000000000002,235.099
0.8180000000000001,1.2000000000000002,240.796
0.8200000000000001,1.2000000000000002,246.54
0.8220000000000001,1.2000000000000002,259.214
0.8240000000000001,1.2000000000000002,272.003
0.8260000000000001,1.2000000000000002,284.906
0.8280000000000001,1.2000000000000002,297.925
0.8300000000000001,1.2000000000000002,308.721
0.8320000000000001,1.2000000000000002,321.961
0.8340000000000001,1.2000000000000002,332.957
0.8360000000000001,1.2000000000000002,339.301
0.8380000000000001,1.2000000000000002,343.311
0.8400000000000001,1.2000000000000002,344.951
0.8420000000000001,1.2000000000000002,346.596
0.8440000000000001,1.2000000000000002,350.663
0.8460000000000001,1.2000000000000002,354.756
0.8480000000000001,1.2000000000000002,358.877
0.8500000000000001,1.2000000000000002,358.119
0.8520000000000001,1.2000000000000002,354.877
0.8540000000000001,1.2000000000000002,351.593
0.8560000000000001,1.2000000000000002,348.267
0.8580000000000001,1.2000000000000002,347.397
0.74,1.3,195.204
0.742,1.3,194.392
0.744,1.3,193.562
0.746,1.3,192.715
0.748,1.3,191.85
0.75,1.3,190.967
0.752,1.3,191.987
0.754,1.3,191.08
0.756,1.3,190.154
0.758,1.3,191.162
0.76,1.3,190.211
0.762,1.3,191.213
0.764,1.3,190.237
0.766,1.3,191.234
0.768,1.3,190.232
0.77,1.3,191.224
0.772,1.3,192.218
0.774,1.3,191.182
0.776,1.3,192.171
0.778,1.3,193.163
0.78,1.3,194.157
0.782,1.3,197.23
0.784,1.3,198.241
0.786,1.3,199.253
0.788,1.3,200.269
0.79,1.3,201.286
0.792,1.3,204.436
0.794,1.3,205.47
0.796,1.3,206.507
0.798,1.3,209.708
0.8,1.3,212.933
0.802,1.3,213.999
0.804,1.3,217.262
0.806,1.3,220.55
0.808,1.3,223.862
0.81,1.3,227.199
0.812,1.3,228.323
0.8140000000000001,1.3,233.948
0.8160000000000001,1.3,237.359
0.8180000000000001,1.3,245.339
0.8200000000000001,1.3,257.954
0.8220000000000001,1.3,270.684
0.8240000000000001,1.3,283.528
0.8260000000000001,1.3,301.12
0.8280000000000001,1.3,314.218
0.8300000000000001,1.3,327.432
0.8320000000000001,1.3,336.062
0.8340000000000001,1.3,342.402
0.8360000000000001,1.3,346.419
0.8380000000000001,1.3,348.079
0.8400000000000001,1.3,349.742
0.8420000000000001,1.3,349.003
0.8440000000000001,1.3,353.081
0.8460000000000001,1.3,357.186
0.8480000000000001,1.3,358.877
0.8500000000000001,1.3,355.666
0.8520000000000001,1.3,352.413
0.8540000000000001,1.3,351.593
0.8560000000000001,1.3,348.267
0.8580000000000001,1.3,347.397
0.74,1.4000000000000001,195.204
0.742,1.4000000000000001,194.392
0.744,1.4000000000000001,193.562
0.746,1.4000000000000001,192.715
0.748,1.4000000000000001,191.85
0.75,1.4000000000000001,190.967
0.752,1.4000000000000001,190.067
0.754,1.4000000000000001,191.08
0.756,1.4000000000000001,190.154
0.758,1.4000000000000001,189.211
0.76,1.4000000000000001,190.211
0.762,1.4000000000000001,191.213
0.764,1.4000000000000001,190.237
0.766,1.4000000000000001,191.234
0.768,1.4000000000000001,190.232
0.77,1.4000000000000001,191.224
0.772,1.4000000000000001,192.218
0.774,1.4000000000000001,191.182
0.776,1.4000000000000001,192.171
0.778,1.4000000000000001,195.218
0.78,1.4000000000000001,196.223
0.782,1.4000000000000001,197.23
0.784,1.4000000000000001,198.241
0.786,1.4000000000000001,201.351
0.788,1.4000000000000001,202.377
0.79,1.4000000000000001,203.405
0.792,1.4000000000000001,204.436
0.794,1.4000000000000001,207.611
0.796,1.4000000000000001,208.658
0.798,1.4000000000000001,209.708
0.8,1.4000000000000001,212.933
0.802,1.4000000000000001,216.183
0.804,1.4000000000000001,219.457
0.806,1.4000000000000001,222.755
0.808,1.4000000000000001,223.862
0.81,1.4000000000000001,227.199
0.812,1.4000000000000001,230.561
0.8140000000000001,1.4000000000000001,233.948
0.8160000000000001,1.4000000000000001,241.88
0.8180000000000001,1.4000000000000001,254.426
0.8200000000000001,1.4000000000000001,269.368
0.8220000000000001,1.4000000000000001,284.447
0.8240000000000001,1.4000000000000001,299.664
0.8260000000000001,1.4000000000000001,317.335
0.8280000000000001,1.4000000000000001,330.511
0.8300000000000001,1.4000000000000001,341.465
0.8320000000000001,1.4000000000000001,347.812
0.8340000000000001,1.4000000000000001,349.487
0.8360000000000001,1.4000000000000001,351.165
0.8380000000000001,1.4000000000000001,352.847
0.8400000000000001,1.4000000000000001,347.347
0.8420000000000001,1.4000000000000001,351.41
0.8440000000000001,1.4000000000000001,355.499
0.8460000000000001,1.4000000000000001,357.186
0.8480000000000001,1.4000000000000001,356.436
0.8500000000000001,1.4000000000000001,355.666
0.8520000000000001,1.4000000000000001,352.413
0.8540000000000001,1.4000000000000001,351.593
0.8560000000000001,1.4000000000000001,348.267
0.8580000000000001,1.4000000000000001,347.397
0.74,1.5,195.204
0.742,1.5,192.523
0.744,1.5,191.683
0.746,1.5,190.825
0.748,1.5,191.85
0.75,1.5,190.967
0.752,1.5,190.067
0.754,1.5,189.15
0.756,1.5,190.154
0.758,1.5,189.211
0.76,1.5,190.211
0.762,1.5,189.242
0.764,1.5,190.237
0.766,1.5,189.242
0.768,1.5,190.232
0.77,1.5,191.224
0.772,1.5,190.195
0.774,1.5,191.182
0.776,1.5,194.215
0.778,1.5,195.218
0.78,1.5,196.223
0.782,1.5,197.23
0.784,1.5,200.327
0.786,1.5,201.351
0.788,1.5,202.377
0.79,1.5,203.405
0.792,1.5,206.566
0.794,1.5,207.611
0.796,1.5,208.658
0.798,1.5,211.87
0.8,1.5,215.106
0.802,1.5,218.366
0.804,1.5,219.457
0.806,1.5,222.755
0.808,1.5,226.079
0.81,1.5,229.427
0.812,1.5,232.8
0.8140000000000001,1.5,238.447
0.8160000000000001,1.5,250.923
0.8180000000000001,1.5,263.513
0.8200000000000001,1.5,280.782
0.8220000000000001,1.5,295.917
0.8240000000000001,1.5,315.8
0.8260000000000001,1.5,328.916
0.8280000000000001,1.5,342.149
0.8300000000000001,1.5,350.82
0.8320000000000001,1.5,352.513
0.8340000000000001,1.5,351.848
0.8360000000000001,1.5,351.165
0.8380000000000001,1.5,343.311
0.8400000000000001,1.5,347.347
0.8420000000000001,1.5,353.817
0.8440000000000001,1.5,355.499
0.8460000000000001,1.5,357.186
0.8480000000000001,1.5,356.436
0.8500000000000001,1.5,355.666
0.8520000000000001,1.5,354.877
0.8540000000000001,1.5,351.593
0.8560000000000001,1.5,350.755
0.8580000000000001,1.5,347.397
0.74,1.6,195.204
0.742,1.6,192.523
0.744,1.6,191.683
0.746,1.6,190.825
0.748,1.6,191.85
0.75,1.6,190.967
0.752,1.6,190.067
0.754,1.6,189.15
0.756,1.6,190.154
0.758,1.6,189.211
0.76,1.6,190.211
0.762,1.6,189.242
0.764,1.6,190.237
0.766,1.6,189.242
0.768,1.6,190.232
0.77,1.6,191.224
0.772,1.6,190.195
0.774,1.6,191.182
0.776,1.6,194.215
0.778,1.6,195.218
0.78,1.6,198.288
0.782,1.6,199.306
0.784,1.6,200.327
0.786,1.6,203.448
0.788,1.6,204.485
0.79,1.6,205.524
0.792,1.6,206.566
0.794,1.6,209.751
0.796,1.6,210.809
0.798,1.6,214.031
0.8,1.6,217.278
0.802,1.6,218.366
0.804,1.6,221.651
0.806,1.6,224.961
0.808,1.6,228.295
0.81,1.6,231.654
0.812,1.6,237.276
0.8140000000000001,1.6,247.445
0.8160000000000001,1.6,259.965
0.8180000000000001,1.6,274.871
0.8200000000000001,1.6,289.913
0.8220000000000001,1.6,307.387
0.8240000000000001,1.6,325.02
0.8260000000000001,1.6,340.498
0.8280000000000001,1.6,349.131
0.8300000000000001,1.6,353.159
0.8320000000000001,1.6,350.162
0.8340000000000001,1.6,342.402
0.8360000000000001,1.6,336.928
0.8380000000000001,1.6,348.079
0.8400000000000001,1.6,354.533
0.8420000000000001,1.6,356.224
0.8440000000000001,1.6,357.918
0.8460000000000001,1.6,357.186
0.8480000000000001,1.6,356.436
0.8500000000000001,1.6,355.666
0.8520000000000001,1.6,354.877
0.8540000000000001,1.6,354.069
0.8560000000000001,1.6,350.755
0.8580000000000001,1.6,349.896
0.74,1.7000000000000002,195.204
0.742,1.7000000000000002,194.392
0.744,1.7000000000000002,193.562
0.746,1.7000000000000002,192.715
0.748,1.7000000000000002,191.85
0.75,1.7000000000000002,190.967
0.752,1.7000000000000002,190.067
0.754,1.7000000000000002,189.15
0.756,1.7000000000000002,190.154
0.758,1.7000000000000002,189.211
0.76,1.7000000000000002,190.211
0.762,1.7000000000000002,189.242
0.764,1.7000000000000002,190.237
0.766,1.7000000000000002,189.242
0.768,1.7000000000000002,190.232
0.77,1.7000000000000002,191.224
0.772,1.7000000000000002,192.218
0.774,1.7000000000000002,193.216
0.776,1.7000000000000002,194.215
0.778,1.7000000000000002,197.273
0.78,1.7000000000000002,198.288
0.782,1.7000000000000002,201.383
0.784,1.7000000000000002,202.414
0.786,1.7000000000000002,203.448
0.788,1.7000000000000002,206.593
0.79,1.7000000000000002,207.643
0.792,1.7000000000000002,208.696
0.794,1.7000000000000002,209.751
0.796,1.7000000000000002,212.96
0.798,1.7000000000000002,214.031
0.8,1.7000000000000002,217.278
0.802,1.7000000000000002,220.55
0.804,1.7000000000000002,223.846
0.806,1.7000000000000002,227.166
0.808,1.7000000000000002,230.512
0.81,1.7000000000000002,233.882
0.812,1.7000000000000002,241.753
0.8140000000000001,1.7000000000000002,254.193
0.8160000000000001,1.7000000000000002,266.747
0.8180000000000001,1.7000000000000002,283.957
0.8200000000000001,1.7000000000000002,299.044
0.8220000000000001,1.7000000000000002,316.562
0.8240000000000001,1.7000000000000002,334.241
0.8260000000000001,1.7000000000000002,342.814
0.8280000000000001,1.7000000000000002,346.804
0.8300000000000001,1.7000000000000002,341.465
0.8320000000000001,1.7000000000000002,329.012
0.8340000000000001,1.7000000000000002,330.595
0.8360000000000001,1.7000000000000002,344.047
0.8380000000000001,1.7000000000000002,350.463
0.8400000000000001,1.7000000000000002,354.533
0.8420000000000001,1.7000000000000002,358.63
0.8440000000000001,1.7000000000000002,357.918
0.8460000000000001,1.7000000000000002,359.616
0.8480000000000001,1.7000000000000002,358.877
0.8500000000000001,1.7000000000000002,358.119
0.8520000000000001,1.7000000000000002,357.342
0.8540000000000001,1.7000000000000002,354.069
0.8560000000000001,1.7000000000000002,353.242
0.8580000000000001,1.7000000000000002,349.896
0.74,1.8,195.204
0.742,1.8,194.392
0.744,1.8,193.562
0.746,1.8,192.715
0.748,1.8,191.85
0.75,1.8,190.967
0.752,1.8,190.067
0.754,1.8,189.15
0.756,1.8,190.154
0.758,1.8,189.211
0.76,1.8,190.211
0.762,1.8,189.242
0.764,1.8,190.237
0.766,1.8,191.234
0.768,1.8,190.232
0.77,1.8,191.224
0.772,1.8,192.218
0.774,1.8,193.216
0.776,1.8,196.26
0.778,1.8,197.273
0.78,1.8,200.354
0.782,1.8,201.383
0.784,1.8,204.501
0.786,1.8,205.545
0.788,1.8,206.593
0.79,1.8,209.762
0.792,1.8,210.825
0.794,1.8,211.891
0.796,1.8,215.111
0.798,1.8,216.193
0.8,1.8,219.451
0.802,1.8,222.734
0.804,1.8,226.04
0.806,1.8,229.372
0.808,1.8,232.728
0.81,1.8,238.336
0.812,1.8,248.469
0.8140000000000001,1.8,260.942
0.8160000000000001,1.8,273.528
0.8180000000000001,1.8,290.772
0.8200000000000001,1.8,305.893
0.8220000000000001,1.8,321.15
0.8240000000000001,1.8,329.63
0.8260000000000001,1.8,331.232
0.8280000000000001,1.8,325.856
0.8300000000000001,1.8,322.754
0.8320000000000001,1.8,324.312
0.8340000000000001,1.8,332.957
0.8360000000000001,1.8,344.047
0.8380000000000001,1.8,352.847
0.8400000000000001,1.8,356.929
0.8420000000000001,1.8,358.63
0.8440000000000001,1.8,360.336
0.8460000000000001,1.8,362.046
0.8480000000000001,1.8,361.318
0.8500000000000001,1.8,360.572
0.8520000000000001,1.8,357.342
0.8540000000000001,1.8,356.545
0.8560000000000001,1.8,353.242
0.8580000000000001,1.8,349.896
0.74,1.9000000000000001,195.204
0.742,1.9000000000000001,194.392
0.744,1.9000000000000001,193.562
0.746,1.9000000000000001,192.715
0.748,1.9000000000000001,191.85
0.75,1.9000000000000001,190.967
0.752,1.9000000000000001,190.067
0.754,1.9000000000000001,191.08
0.756,1.9000000000000001,190.154
0.758,1.9000000000000001,189.211
0.76,1.9000000000000001,190.211
0.762,1.9000000000000001,189.242
0.764,1.9000000000000001,190.237
0.766,1.9000000000000001,191.234
0.768,1.9000000000000001,190.232
0.77,1.9000000000000001,191.224
0.772,1.9000000000000001,192.218
0.774,1.9000000000000001,195.249
0.776,1.9000000000000001,196.26
0.778,1.9000000000000001,199.328
0.78,1.9000000000000001,202.419
0.782,1.9000000000000001,203.459
0.784,1.9000000000000001,206.587
0.786,1.9000000000000001,207.643
0.788,1.9000000000000001,208.701
0.79,1.9000000000000001,211.88
0.792,1.9000000000000001,212.955
0.794,1.9000000000000001,214.031
0.796,1.9000000000000001,217.262
0.798,1.9000000000000001,220.517
0.8,1.9000000000000001,221.624
0.802,1.9000000000000001,224.917
0.804,1.9000000000000001,228.235
0.806,1.9000000000000001,231.577
0.808,1.9000000000000001,237.161
0.81,1.9000000000000001,242.791
0.812,1.9000000000000001,252.946
0.8140000000000001,1.9000000000000001,265.441
0.8160000000000001,1.9000000000000001,278.049
0.8180000000000001,1.9000000000000001,293.044
0.8200000000000001,1.9000000000000001,305.893
0.8220000000000001,1.9000000000000001,309.681
0.8240000000000001,1.9000000000000001,313.495
0.8260000000000001,1.9000000000000001,321.967
0.8280000000000001,1.9000000000000001,323.528
0.8300000000000001,1.9000000000000001,322.754
0.8320000000000001,1.9000000000000001,326.662
0.8340000000000001,1.9000000000000001,332.957
0.8360000000000001,1.9000000000000001,346.419
0.8380000000000001,1.9000000000000001,352.847
0.8400000000000001,1.9000000000000001,359.324
0.8420000000000001,1.9000000000000001,361.037
0.8440000000000001,1.9000000000000001,362.755
0.8460000000000001,1.9000000000000001,364.476
0.8480000000000001,1.9000000000000001,361.318
0.8500000000000001,1.9000000000000001,360.572
0.8520000000000001,1.9000000000000001,359.806
0.8540000000000001,1.9000000000000001,356.545
0.8560000000000001,1.9000000000000001,353.242
0.8580000000000001,1.9000000000000001,349.896
0.74,2.0,193.345
0.742,2.0,194.392
0.744,2.0,193.562
0.746,2.0,192.715
0.748,2.0,191.85
0.75,2.0,190.967
0.752,2.0,190.067
0.754,2.0,191.08
0.756,2.0,190.154
0.758,2.0,191.162
0.76,2.0,190.211
0.762,2.0,191.213
0.764,2.0,190.237
0.766,2.0,191.234
0.768,2.0,192.234
0.77,2.0,193.237
0.772,2.0,194.242
0.774,2.0,195.249
0.776,2.0,198.304
0.778,2.0,201.383
0.78,2.0,202.419
0.782,2.0,205.535
0.784,2.0,208.674
0.786,2.0,209.74
0.788,2.0,210.809
0.79,2.0,213.999
0.792,2.0,215.084
0.794,2.0,218.312
0.796,2.0,219.413
0.798,2.0,222.679
0.8,2.0,223.797
0.802,2.0,227.101
0.804,2.0,230.43
0.806,2.0,233.783
0.808,2.0,239.377
0.81,2.0,245.019
0.812,2.0,255.184
0.8140000000000001,2.0,267.69
0.8160000000000001,2.0,278.049
0.8180000000000001,2.0,286.229
0.8200000000000001,2.0,294.479
0.8220000000000001,2.0,305.093
0.8240000000000001,2.0,313.495
0.8260000000000001,2.0,321.967
0.8280000000000001,2.0,325.856
0.8300000000000001,2.0,325.093
0.8320000000000001,2.0,329.012
0.8340000000000001,2.0,335.318
0.8360000000000001,2.0,346.419
0.8380000000000001,2.0,355.231
0.8400000000000001,2.0,361.72
0.8420000000000001,2.0,363.444
0.8440000000000001,2.0,365.173
0.8460000000000001,2.0,364.476
0.8480000000000001,2.0,363.76
0.8500000000000001,2.0,363.025
0.8520000000000001,2.0,359.806
0.8540000000000001,2.0,359.021
0.8560000000000001,2.0,353.242
0.8580000000000001,2.0,349.896
0.74,2.1,193.345
0.742,2.1,192.523
0.744,2.1,193.562
0.746,2.1,192.715
0.748,2.1,191.85
0.75,2.1,190.967
0.752,2.1,191.987
0.754,2.1,191.08
0.756,2.1,190.154
0.758,2.1,191.162
0.76,2.1,190.211
0.762,2.1,191.213
0.764,2.1,190.237
0.766,2.1,191.234
0.768,2.1,192.234
0.77,2.1,193.237
0.772,2.1,196.265
0.774,2.1,197.283
0.776,2.1,200.349
0.778,2.1,203.438
0.78,2.1,204.485
0.782,2.1,207.611
0.784,2.1,210.761
0.786,2.1,211.838
0.788,2.1,212.917
0.79,2.1,216.118
0.792,2.1,217.214
0.794,2.1,220.452
0.796,2.1,223.716
0.798,2.1,224.841
0.8,2.1,225.97
0.802,2.1,229.285
0.804,2.1,232.624
0.806,2.1,235.988
0.808,2.1,241.594
0.81,2.1,247.246
0.812,2.1,255.184
0.8140000000000001,2.1,263.191
0.8160000000000001,2.1,275.789
0.8180000000000001,2.1,286.229
0.8200000000000001,2.1,296.762
0.8220000000000001,2.1,307.387
0.8240000000000001,2.1,315.8
0.8260000000000001,2.1,324.283
0.8280000000000001,2.1,325.856
0.8300000000000001,2.1,322.754
0.8320000000000001,2.1,329.012
0.8340000000000001,2.1,337.68
0.8360000000000001,2.1,348.792
0.8380000000000001,2.1,357.615
0.8400000000000001,2.1,364.115
0.8420000000000001,2.1,365.851
0.8440000000000001,2.1,367.591
0.8460000000000001,2.1,366.906
0.8480000000000001,2.1,366.201
0.8500000000000001,2.1,365.478
0.8520000000000001,2.1,362.271
0.8540000000000001,2.1,359.021
0.8560000000000001,2.1,355.73
0.8580000000000001,2.1,349.896
0.74,2.2,193.345
0.742,2.2,192.523
0.744,2.2,191.683
0.746,2.2,192.715
0.748,2.2,191.85
0.75,2.2,190.967
0.752,2.2,191.987
0.754,2.2,191.08
0.756,2.2,190.154
0.758,2.2,191.162
0.76,2.2,190.211
0.762,2.2,191.213
0.764,2.2,192.218
0.766,2.2,191.234
0.768,2.2,194.237
0.77,2.2,195.249
0.772,2.2,196.265
0.774,2.2,199.317
0.776,2.2,202.393
0.778,2.2,205.492
0.78,2.2,206.55
0.782,2.2,209.687
0.784,2.2,212.848
0.786,2.2,213.935
0.788,2.2,217.133
0.79,2.2,218.237
0.792,2.2,221.473
0.794,2.2,224.733
0.796,2.2,225.867
0.798,2.2,229.165
0.8,2.2,230.315
0.802,2.2,231.468
0.804,2.2,234.819
0.806,2.2,238.194
0.808,2.2,241.594
0.81,2.2,247.246
0.812,2.2,257.423
0.8140000000000001,2.2,267.69
0.8160000000000001,2.2,275.789
0.8180000000000001,2.2,286.229
0.8200000000000001,2.2,296.762
0.8220000000000001,2.2,309.681
0.8240000000000001,2.2,318.105
0.8260000000000001,2.2,324.283
0.8280000000000001,2.2,325.856
0.8300000000000001,2.2,327.432
0.8320000000000001,2.2,329.012
0.8340000000000001,2.2,340.041
0.8360000000000001,2.2,351.165
0.8380000000000001,2.2,359.999
0.8400000000000001,2.2,366.511
0.8420000000000001,2.2,368.258
0.8440000000000001,2.2,370.01
0.8460000000000001,2.2,369.335
0.8480000000000001,2.2,368.642
0.8500000000000001,2.2,367.931
0.8520000000000001,2.2,364.735
0.8540000000000001,2.2,361.497
0.8560000000000001,2.2,355.73
0.8580000000000001,2.2,349.896
0.74,2.3000000000000003,193.345
0.742,2.3000000000000003,192.523
0.744,2.3000000000000003,191.683
0.746,2.3000000000000003,192.715
0.748,2.3000000000000003,191.85
0.75,2.3000000000000003,190.967
0.752,2.3000000000000003,191.987
0.754,2.3000000000000003,191.08
0.756,2.3000000000000003,192.095
0.758,2.3000000000000003,191.162
0.76,2.3000000000000003,192.172
0.762,2.3000000000000003,191.213
0.764,2.3000000000000003,192.218
0.766,2.3000000000000003,193.226
0.768,2.3000000000000003,194.237
0.77,2.3000000000000003,195.249
0.772,2.3000000000000003,198.288
0.774,2.3000000000000003,201.351
0.776,2.3000000000000003,202.393
0.778,2.3000000000000003,205.492
0.78,2.3000000000000003,208.616
0.782,2.3000000000000003,211.763
0.784,2.3000000000000003,214.934
0.786,2.3000000000000003,218.13
0.788,2.3000000000000003,219.241
0.79,2.3000000000000003,222.474
0.792,2.3000000000000003,223.602
0.794,2.3000000000000003,226.873
0.796,2.3000000000000003,230.169
0.798,2.3000000000000003,231.327
0.8,2.3000000000000003,232.488
0.802,2.3000000000000003,233.652
0.804,2.3000000000000003,237.013
0.806,2.3000000000000003,238.194
0.808,2.3000000000000003,243.81
0.81,2.3000000000000003,251.701
0.812,2.3000000000000003,259.661
0.8140000000000001,2.3000000000000003,269.94
0.8160000000000001,2.3000000000000003,278.049
0.8180000000000001,2.3000000000000003,288.501
0.8200000000000001,2.3000000000000003,299.044
0.8220000000000001,2.3000000000000003,311.975
0.8240000000000001,2.3000000000000003,318.105
0.8260000000000001,2.3000000000000003,324.283
0.8280000000000001,2.3000000000000003,325.856
0.8300000000000001,2.3000000000000003,327.432
0.8320000000000001,2.3000000000000003,329.012
0.8340000000000001,2.3000000000000003,342.402
0.8360000000000001,2.3000000000000003,353.538
0.8380000000000001,2.3000000000000003,362.383
0.8400000000000001,2.3000000000000003,368.906
0.8420000000000001,2.3000000000000003,370.665
0.8440000000000001,2.3000000000000003,372.428
0.8460000000000001,2.3000000000000003,371.765
0.8480000000000001,2.3000000000000003,371.084
0.8500000000000001,2.3000000000000003,367.931
0.8520000000000001,2.3000000000000003,364.735
0.8540000000000001,2.3000000000000003,361.497
0.8560000000000001,2.3000000000000003,355.73
0.8580000000000001,2.3000000000000003,349.896
0.74,2.4000000000000004,191.486
0.742,2.4000000000000004,192.523
0.744,2.4000000000000004,191.683
0.746,2.4000000000000004,190.825
0.748,2.4000000000000004,191.85
0.75,2.4000000000000004,190.967
0.752,2.4000000000000004,191.987
0.754,2.4000000000000004,191.08
0.756,2.4000000000000004,192.095
0.758,2.4000000000000004,191.162
0.76,2.4000000000000004,192.172
0.762,2.4000000000000004,193.185
0.764,2.4000000000000004,192.218
0.766,2.4000000000000004,195.218
0.768,2.4000000000000004,196.239
0.77,2.4000000000000004,197.262
0.772,2.4000000000000004,200.312
0.774,2.4000000000000004,201.351
0.776,2.4000000000000004,204.437
0.778,2.4000000000000004,207.547
0.78,2.4000000000000004,210.681
0.782,2.4000000000000004,213.839
0.784,2.4000000000000004,217.021
0.786,2.4000000000000004,220.227
0.788,2.4000000000000004,223.458
0.79,2.4000000000000004,224.593
0.792,2.4000000000000004,227.861
0.794,2.4000000000000004,229.014
0.796,2.4000000000000004,232.32
0.798,2.4000000000000004,233.489
0.8,2.4000000000000004,236.834
0.802,2.4000000000000004,235.835
0.804,2.4000000000000004,239.208
0.806,2.4000000000000004,242.605
0.808,2.4000000000000004,246.027
0.81,2.4000000000000004,256.156
0.812,2.4000000000000004,264.138
0.8140000000000001,2.4000000000000004,272.189
0.8160000000000001,2.4000000000000004,280.31
0.8180000000000001,2.4000000000000004,288.501
0.8200000000000001,2.4000000000000004,301.327
0.8220000000000001,2.4000000000000004,311.975
0.8240000000000001,2.4000000000000004,320.41
0.8260000000000001,2.4000000000000004,324.283
0.8280000000000001,2.4000000000000004,325.856
0.8300000000000001,2.4000000000000004,327.432
0.8320000000000001,2.4000000000000004,331.362
0.8340000000000001,2.4000000000000004,342.402
0.8360000000000001,2.4000000000000004,355.91
0.8380000000000001,2.4000000000000004,364.768
0.8400000000000001,2.4000000000000004,371.302
0.8420000000000001,2.4000000000000004,373.072
0.8440000000000001,2.4000000000000004,374.846
0.8460000000000001,2.4000000000000004,374.195
0.8480000000000001,2.4000000000000004,373.525
0.8500000000000001,2.4000000000000004,370.383
0.8520000000000001,2.4000000000000004,367.2
0.8540000000000001,2.4000000000000004,361.497
0.8560000000000001,2.4000000000000004,355.73
0.8580000000000001,2.4000000000000004,352.396
0.74,2.5,191.486
0.742,2.5,190.653
0.744,2.5,191.683
0.746,2.5,190.825
0.748,2.5,191.85
0.75,2.5,190.967
0.752,2.5,191.987
0.754,2.5,193.01
0.756,2.5,192.095
0.758,2.5,193.112
0.76,2.5,192.172
0.762,2.5,193.185
0.764,2.5,194.2
0.766,2.5,195.218
0.768,2.5,198.241
0.77,2.5,199.275
0.772,2.5,200.312
0.774,2.5,203.385
0.776,2.5,206.482
0.778,2.5,209.602
0.78,2.5,212.747
0.782,2.5,217.991
0.784,2.5,221.195
0.786,2.5,224.422
0.788,2.5,227.674
0.79,2.5,228.831
0.792,2.5,229.991
0.794,2.5,233.294
0.796,2.5,234.471
0.798,2.5,237.813
0.8,2.5,239.006
0.802,2.5,240.203
0.804,2.5,241.402
0.806,2.5,244.81
0.808,2.5,250.46
0.81,2.5,260.611
0.812,2.5,268.615
0.8140000000000001,2.5,276.688
0.8160000000000001,2.5,282.571
0.8180000000000001,2.5,290.772
0.8200000000000001,2.5,301.327
0.8220000000000001,2.5,311.975
0.8240000000000001,2.5,320.41
0.8260000000000001,2.5,326.6
0.8280000000000001,2.5,328.183
0.8300000000000001,2.5,329.771
0.8320000000000001,2.5,333.712
0.8340000000000001,2.5,344.764
0.8360000000000001,2.5,355.91
0.8380000000000001,2.5,367.152
0.8400000000000001,2.5,373.697
0.8420000000000001,2.5,377.886
0.8440000000000001,2.5,377.265
0.8460000000000001,2.5,379.055
0.8480000000000001,2.5,375.966
0.8500000000000001,2.5,372.836
0.8520000000000001,2.5,367.2
0.8540000000000001,2.5,361.497
0.8560000000000001,2.5,358.217
0.8580000000000001,2.5,352.396
0.74,2.6,191.486
0.742,2.6,190.653
0.744,2.6,191.683
0.746,2.6,190.825
0.748,2.6,191.85
0.75,2.6,190.967
0.752,2.6,191.987
0.754,2.6,193.01
0.756,2.6,192.095
0.758,2.6,193.112
0.76,2.6,194.133
0.762,2.6,195.156
0.764,2.6,196.182
0.766,2.6,197.21
0.768,2.6,198.241
0.77,2.6,201.288
0.772,2.6,202.335
0.774,2.6,205.419
0.776,2.6,208.526
0.778,2.6,211.657
0.78,2.6,216.878
0.782,2.6,220.068
0.784,2.6,225.368
0.786,2.6,228.617
0.788,2.6,229.782
0.79,2.6,230.95
0.792,2.6,234.25
0.794,2.6,235.435
0.796,2.6,236.622
0.798,2.6,239.975
0.8,2.6,241.179
0.802,2.6,242.386
0.804,2.6,243.597
0.806,2.6,249.221
0.808,2.6,257.109
0.81,2.6,265.066
0.812,2.6,273.092
0.8140000000000001,2.6,281.187
0.8160000000000001,2.6,287.092
0.8180000000000001,2.6,295.316
0.8200000000000001,2.6,303.61
0.8220000000000001,2.6,314.269
0.8240000000000001,2.6,322.715
0.8260000000000001,2.6,328.916
0.8280000000000001,2.6,328.183
0.8300000000000001,2.6,329.771
0.8320000000000001,2.6,336.062
0.8340000000000001,2.6,347.125
0.8360000000000001,2.6,358.283
0.8380000000000001,2.6,369.536
0.8400000000000001,2.6,376.093
0.8420000000000001,2.6,380.293
0.8440000000000001,2.6,379.683
0.8460000000000001,2.6,381.485
0.8480000000000001,2.6,378.408
0.8500000000000001,2.6,375.289
0.8520000000000001,2.6,369.664
0.8540000000000001,2.6,363.973
0.8560000000000001,2.6,358.217
0.8580000000000001,2.6,352.396
0.74,2.7,191.486
0.742,2.7,190.653
0.744,2.7,191.683
0.746,2.7,190.825
0.748,2.7,191.85
0.75,2.7,192.877
0.752,2.7,191.987
0.754,2.7,193.01
0.756,2.7,194.035
0.758,2.7,193.112
0.76,2.7,194.133
0.762,2.7,195.156
0.764,2.7,198.163
0.766,2.7,199.202
0.768,2.7,200.244
0.77,2.7,203.301
0.772,2.7,206.382
0.774,2.7,207.453
0.776,2.7,212.615
0.778,2.7,215.767
0.78,2.7,221.009
0.782,2.7,224.22
0.784,2.7,227.455
0.786,2.7,230.714
0.788,2.7,231.89
0.79,2.7,235.187
0.792,2.7,236.38
0.794,2.7,237.575
0.796,2.7,238.773
0.798,2.7,242.137
0.8,2.7,243.352
0.802,2.7,244.57
0.804,2.7,247.986
0.806,2.7,253.632
0.808,2.7,261.542
0.81,2.7,271.748
0.812,2.7,279.807
0.8140000000000001,2.7,287.936
0.8160000000000001,2.7,291.613
0.8180000000000001,2.7,297.587
0.8200000000000001,2.7,305.893
0.8220000000000001,2.7,316.562
0.8240000000000001,2.7,325.02
0.8260000000000001,2.7,331.232
0.8280000000000001,2.7,330.511
0.8300000000000001,2.7,332.109
0.8320000000000001,2.7,336.062
0.8340000000000001,2.7,347.125
0.8360000000000001,2.7,358.283
0.8380000000000001,2.7,369.536
0.8400000000000001,2.7,378.488
0.8420000000000001,2.7,382.7
0.8440000000000001,2.7,384.52
0.8460000000000001,2.7,383.914
0.8480000000000001,2.7,380.849
0.8500000000000001,2.7,377.742
0.8520000000000001,2.7,372.128
0.8540000000000001,2.7,366.45
0.8560000000000001,2.7,360.705
0.8580000000000001,2.7,354.895
0.74,2.8000000000000003,191.486
0.742,2.8000000000000003,190.653
0.744,2.8000000000000003,191.683
0.746,2.8000000000000003,190.825
0.748,2.8000000000000003,191.85
0.75,2.8000000000000003,192.877
0.752,2.8000000000000003,191.987
0.754,2.8000000000000003,193.01
0.756,2.8000000000000003,194.035
0.758,2.8000000000000003,195.063
0.76,2.8000000000000003,196.094
0.762,2.8000000000000003,197.127
0.764,2.8000000000000003,198.163
0.766,2.8000000000000003,201.194
0.768,2.8000000000000003,202.246
0.77,2.8000000000000003,205.314
0.772,2.8000000000000003,208.405
0.774,2.8000000000000003,211.52
0.776,2.8000000000000003,214.659
0.778,2.8000000000000003,219.877
0.78,2.8000000000000003,223.074
0.782,2.8000000000000003,226.296
0.784,2.8000000000000003,231.628
0.786,2.8000000000000003,232.812
0.788,2.8000000000000003,236.106
0.79,2.8000000000000003,237.306
0.792,2.8000000000000003,238.509
0.794,2.8000000000000003,239.715
0.796,2.8000000000000003,240.924
0.798,2.8000000000000003,244.299
0.8,2.8000000000000003,245.525
0.802,2.8000000000000003,248.937
0.804,2.8000000000000003,252.375
0.806,2.8000000000000003,260.249
0.808,2.8000000000000003,268.191
0.81,2.8000000000000003,278.43
0.812,2.8000000000000003,286.522
0.8140000000000001,2.8000000000000003,292.435
0.8160000000000001,2.8000000000000003,296.134
0.8180000000000001,2.8000000000000003,302.131
0.8200000000000001,2.8000000000000003,310.458
0.8220000000000001,2.8000000000000003,321.15
0.8240000000000001,2.8000000000000003,331.935
0.8260000000000001,2.8000000000000003,335.865
0.8280000000000001,2.8000000000000003,332.838
0.8300000000000001,2.8000000000000003,334.448
0.8320000000000001,2.8000000000000003,336.062
0.8340000000000001,2.8000000000000003,347.125
0.8360000000000001,2.8000000000000003,358.283
0.8380000000000001,2.8000000000000003,369.536
0.8400000000000001,2.8000000000000003,380.884
0.8420000000000001,2.8000000000000003,385.107
0.8440000000000001,2.8000000000000003,386.938
0.8460000000000001,2.8000000000000003,386.344
0.8480000000000001,2.8000000000000003,383.29
0.8500000000000001,2.8000000000000003,380.195
0.8520000000000001,2.8000000000000003,374.593
0.8540000000000001,2.8000000000000003,368.926
0.8560000000000001,2.8000000000000003,363.193
0.8580000000000001,2.8000000000000003,357.394
0.74,2.9000000000000004,191.486
0.742,2.9000000000000004,190.653
0.744,2.9000000000000004,191.683
0.746,2.9000000000000004,192.715
0.748,2.9000000000000004,191.85
0.75,2.9000000000000004,192.877
0.752,2.9000000000000004,193.907
0.754,2.9000000000000004,193.01
0.756,2.9000000000000004,194.035
0.758,2.9000000000000004,197.014
0.76,2.9000000000000004,198.055
0.762,2.9000000000000004,199.099
0.764,2.9000000000000004,200.145
0.766,2.9000000000000004,203.186
0.768,2.9000000000000004,206.251
0.77,2.9000000000000004,207.327
0.772,2.9000000000000004,210.429
0.774,2.9000000000000004,213.554
0.776,2.9000000000000004,218.748
0.778,2.9000000000000004,221.932
0.78,2.9000000000000004,225.14
0.782,2.9000000000000004,228.372
0.784,2.9000000000000004,231.628
0.786,2.9000000000000004,234.909
0.788,2.9000000000000004,236.106
0.79,2.9000000000000004,239.425
0.792,2.9000000000000004,240.639
0.794,2.9000000000000004,241.856
0.796,2.9000000000000004,243.076
0.798,2.9000000000000004,246.46
0.8,2.9000000000000004,247.697
0.802,2.9000000000000004,251.121
0.804,2.9000000000000004,258.959
0.806,2.9000000000000004,266.865
0.808,2.9000000000000004,277.057
0.81,2.9000000000000004,285.113
0.812,2.9000000000000004,293.238
0.8140000000000001,2.9000000000000004,296.934
0.8160000000000001,2.9000000000000004,302.916
0.8180000000000001,2.9000000000000004,308.946
0.8200000000000001,2.9000000000000004,319.589
0.8220000000000001,2.9000000000000004,328.032
0.8240000000000001,2.9000000000000004,336.546
0.8260000000000001,2.9000000000000004,338.181
0.8280000000000001,2.9000000000000004,335.166
0.8300000000000001,2.9000000000000004,334.448
0.8320000000000001,2.9000000000000004,338.412
0.8340000000000001,2.9000000000000004,347.125
0.8360000000000001,2.9000000000000004,358.283
0.8380000000000001,2.9000000000000004,369.536
0.8400000000000001,2.9000000000000004,380.884
0.8420000000000001,2.9000000000000004,387.513
0.8440000000000001,2.9000000000000004,391.775
0.8460000000000001,2.9000000000000004,388.774
0.8480000000000001,2.9000000000000004,388.173
0.8500000000000001,2.9000000000000004,382.648
0.8520000000000001,2.9000000000000004,377.057
0.8540000000000001,2.9000000000000004,371.402
0.8560000000000001,2.9000000000000004,365.68
0.8580000000000001,2.9000000000000004,359.893
0.74,3.0,191.486
0.742,3.0,192.523
0.744,3.0,191.683
0.746,3.0,192.715
0.748,3.0,191.85
0.75,3.0,192.877
0.752,3.0,193.907
0.754,3.0,194.94
0.756,3.0,195.975
0.758,3.0,197.014
0.76,3.0,200.016
0.762,3.0,201.07
0.764,3.0,202.127
0.766,3.0,205.178
0.768,3.0,208.254
0.77,3.0,211.353
0.772,3.0,212.452
0.774,3.0,215.588
0.776,3.0,220.792
0.778,3.0,223.987
0.78,3.0,227.205
0.782,3.0,228.372
0.784,3.0,233.715
0.786,3.0,237.006
0.788,3.0,238.214
0.79,3.0,239.425
0.792,3.0,240.639
0.794,3.0,241.856
0.796,3.0,245.227
0.798,3.0,246.46
0.8,3.0,249.87
0.802,3.0,255.488
0.804,3.0,263.348
0.806,3.0,273.482
0.808,3.0,283.707
0.81,3.0,294.023
0.812,3.0,299.953
0.8140000000000001,3.0,303.682
0.8160000000000001,3.0,309.697
0.8180000000000001,3.0,318.032
0.8200000000000001,3.0,324.155
0.8220000000000001,3.0,332.62
0.8240000000000001,3.0,338.851
0.8260000000000001,3.0,338.181
0.8280000000000001,3.0,335.166
0.8300000000000001,3.0,334.448
0.8320000000000001,3.0,338.412
0.8340000000000001,3.0,347.125
0.8360000000000001,3.0,358.283
0.8380000000000001,3.0,369.536
0.8400000000000001,3.0,378.488
0.8420000000000001,3.0,387.513
0.8440000000000001,3.0,394.193
0.8460000000000001,3.0,393.634
0.8480000000000001,3.0,390.615
0.8500000000000001,3.0,387.553
0.8520000000000001,3.0,381.986
0.8540000000000001,3.0,376.354
0.8560000000000001,3.0,370.656
0.8580000000000001,3.0,364.892
0.74,3.1,191.486
0.742,3.1,192.523
0.744,3.1,191.683
0.746,3.1,192.715
0.748,3.1,193.749
0.75,3.1,194.787
0.752,3.1,193.907
0.754,3.1,196.87
0.756,3.1,197.916
0.758,3.1,198.964
0.76,3.1,200.016
0.762,3.1,203.041
0.764,3.1,204.108
0.766,3.1,207.17
0.768,3.1,210.256
0.77,3.1,213.365
0.772,3.1,216.499
0.774,3.1,219.656
0.776,3.1,220.792
0.778,3.1,223.987
0.78,3.1,227.205
0.782,3.1,230.448
0.784,3.1,233.715
0.786,3.1,237.006
0.788,3.1,240.322
0.79,3.1,241.544
0.792,3.1,242.768
0.794,3.1,243.996
0.796,3.1,245.227
0.798,3.1,248.622
0.8,3.1,254.216
0.802,3.1,259.856
0.804,3.1,269.932
0.806,3.1,280.098
0.808,3.1,290.356
0.81,3.1,300.705
0.812,3.1,306.669
0.8140000000000001,3.1,310.431
0.8160000000000001,3.1,314.219
0.8180000000000001,3.1,320.304
0.8200000000000001,3.1,326.438
0.8220000000000001,3.1,334.914
0.8240000000000001,3.1,338.851
0.8260000000000001,3.1,338.181
0.8280000000000001,3.1,335.166
0.8300000000000001,3.1,336.787
0.8320000000000001,3.1,338.412
0.8340000000000001,3.1,344.764
0.8360000000000001,3.1,358.283
0.8380000000000001,3.1,369.536
0.8400000000000001,3.1,378.488
0.8420000000000001,3.1,387.513
0.8440000000000001,3.1,391.775
0.8460000000000001,3.1,396.064
0.8480000000000001,3.1,395.497
0.8500000000000001,3.1,392.459
0.8520000000000001,3.1,386.915
0.8540000000000001,3.1,378.83
0.8560000000000001,3.1,373.143
0.8580000000000001,3.1,367.391
0.74,3.2,191.486
0.742,3.2,192.523
0.744,3.2,193.562
0.746,3.2,192.715
0.748,3.2,193.749
0.75,3.2,194.787
0.752,3.2,195.827
0.754,3.2,198.8
0.756,3.2,199.856
0.758,3.2,200.915
0.76,3.2,201.977
0.762,3.2,205.012
0.764,3.2,206.09
0.766,3.2,209.162
0.768,3.2,212.258
0.77,3.2,215.378
0.772,3.2,218.522
0.774,3.2,219.656
0.776,3.2,222.837
0.778,3.2,223.987
0.78,3.2,227.205
0.782,3.2,230.448
0.784,3.2,233.715
0.786,3.2,237.006
0.788,3.2,240.322
0.79,3.2,241.544
0.792,3.2,242.768
0.794,3.2,243.996
0.796,3.2,247.378
0.798,3.2,250.784
0.8,3.2,256.389
0.802,3.2,266.407
0.804,3.2,278.71
0.806,3.2,286.715
0.808,3.2,294.789
0.81,3.2,305.16
0.812,3.2,311.146
0.8140000000000001,3.2,314.93
0.8160000000000001,3.2,318.74
0.8180000000000001,3.2,322.576
0.8200000000000001,3.2,328.721
0.8220000000000001,3.2,334.914
0.8240000000000001,3.2,341.156
0.8260000000000001,3.2,338.181
0.8280000000000001,3.2,337.493
0.8300000000000001,3.2,336.787
0.8320000000000001,3.2,338.412
0.8340000000000001,3.2,344.764
0.8360000000000001,3.2,358.283
0.8380000000000001,3.2,369.536
0.8400000000000001,3.2,378.488
0.8420000000000001,3.2,387.513
0.8440000000000001,3.2,391.775
0.8460000000000001,3.2,396.064
0.8480000000000001,3.2,395.497
0.8500000000000001,3.2,394.912
0.8520000000000001,3.2,389.379
0.8540000000000001,3.2,383.782
0.8560000000000001,3.2,378.118
0.8580000000000001,3.2,372.39
0.74,3.3000000000000003,193.345
0.742,3.3000000000000003,192.523
0.744,3.3000000000000003,193.562
0.746,3.3000000000000003,194.604
0.748,3.3000000000000003,195.649
0.75,3.3000000000000003,196.696
0.752,3.3000000000000003,197.747
0.754,3.3000000000000003,198.8
0.756,3.3000000000000003,201.796
0.758,3.3000000000000003,202.866
0.76,3.3000000000000003,203.938
0.762,3.3000000000000003,206.984
0.764,3.3000000000000003,208.072
0.766,3.3000000000000003,211.154
0.768,3.3000000000000003,214.261
0.77,3.3000000000000003,217.391
0.772,3.3000000000000003,220.545
0.774,3.3000000000000003,221.689
0.776,3.3000000000000003,222.837
0.778,3.3000000000000003,223.987
0.78,3.3000000000000003,227.205
0.782,3.3000000000000003,230.448
0.784,3.3000000000000003,233.715
0.786,3.3000000000000003,239.104
0.788,3.3000000000000003,242.43
0.79,3.3000000000000003,243.663
0.792,3.3000000000000003,244.898
0.794,3.3000000000000003,248.277
0.796,3.3000000000000003,249.529
0.798,3.3000000000000003,255.108
0.8,3.3000000000000003,260.734
0.802,3.3000000000000003,275.141
0.804,3.3000000000000003,283.099
0.806,3.3000000000000003,293.331
0.808,3.3000000000000003,301.438
0.81,3.3000000000000003,311.842
0.812,3.3000000000000003,315.622
0.8140000000000001,3.3000000000000003,317.179
0.8160000000000001,3.3000000000000003,321.0
0.8180000000000001,3.3000000000000003,324.847
0.8200000000000001,3.3000000000000003,331.003
0.8220000000000001,3.3000000000000003,334.914
0.8240000000000001,3.3000000000000003,341.156
0.8260000000000001,3.3000000000000003,340.498
0.8280000000000001,3.3000000000000003,337.493
0.8300000000000001,3.3000000000000003,339.126
0.8320000000000001,3.3000000000000003,340.762
0.8340000000000001,3.3000000000000003,344.764
0.8360000000000001,3.3000000000000003,355.91
0.8380000000000001,3.3000000000000003,369.536
0.8400000000000001,3.3000000000000003,378.488
0.8420000000000001,3.3000000000000003,387.513
0.8440000000000001,3.3000000000000003,391.775
0.8460000000000001,3.3000000000000003,396.064
0.8480000000000001,3.3000000000000003,395.497
0.8500000000000001,3.3000000000000003,397.365
0.8520000000000001,3.3000000000000003,394.308
0.8540000000000001,3.3000000000000003,388.734
0.8560000000000001,3.3000000000000003,383.094
0.8580000000000001,3.3000000000000003,374.889
0.74,3.4000000000000004,193.345
0.742,3.4000000000000004,194.392
0.744,3.4000000000000004,195.441
0.746,3.4000000000000004,194.604
0.748,3.4000000000000004,195.649
0.75,3.4000000000000004,198.606
0.752,3.4000000000000004,199.667
0.754,3.4000000000000004,200.73
0.756,3.4000000000000004,203.737
0.758,3.4000000000000004,204.816
0.76,3.4000000000000004,205.898
0.762,3.4000000000000004,208.955
0.764,3.4000000000000004,210.053
0.766,3.4000000000000004,213.146
0.768,3.4000000000000004,216.263
0.77,3.4000000000000004,219.404
0.772,3.4000000000000004,220.545
0.774,3.4000000000000004,223.723
0.776,3.4000000000000004,224.881
0.778,3.4000000000000004,226.042
0.78,3.4000000000000004,229.271
0.782,3.4000000000000004,232.524
0.784,3.4000000000000004,235.802
0.786,3.4000000000000004,241.201
0.788,3.4000000000000004,244.538
0.79,3.4000000000000004,247.9
0.792,3.4000000000000004,247.027
0.794,3.4000000000000004,248.277
0.796,3.4000000000000004,251.68
0.798,3.4000000000000004,257.27
0.8,3.4000000000000004,265.08
0.802,3.4000000000000004,277.325
0.804,3.4000000000000004,287.488
0.806,3.4000000000000004,297.742
0.808,3.4000000000000004,305.871
0.81,3.4000000000000004,316.297
0.812,3.4000000000000004,317.861
0.8140000000000001,3.4000000000000004,321.678
0.8160000000000001,3.4000000000000004,323.261
0.8180000000000001,3.4000000000000004,327.119
0.8200000000000001,3.4000000000000004,331.003
0.8220000000000001,3.4000000000000004,334.914
0.8240000000000001,3.4000000000000004,341.156
0.8260000000000001,3.4000000000000004,340.498
0.8280000000000001,3.4000000000000004,337.493
0.8300000000000001,3.4000000000000004,339.126
0.8320000000000001,3.4000000000000004,340.762
0.8340000000000001,3.4000000000000004,347.125
0.8360000000000001,3.4000000000000004,353.538
0.8380000000000001,3.4000000000000004,367.152
0.8400000000000001,3.4000000000000004,378.488
0.8420000000000001,3.4000000000000004,387.513
0.8440000000000001,3.4000000000000004,394.193
0.8460000000000001,3.4000000000000004,396.064
0.8480000000000001,3.4000000000000004,395.497
0.8500000000000001,3.4000000000000004,394.912
0.8520000000000001,3.4000000000000004,394.308
0.8540000000000001,3.4000000000000004,393.686
0.8560000000000001,3.4000000000000004,385.581
0.8580000000000001,3.4000000000000004,379.887
0.74,3.5,195.204
0.742,3.5,194.392
0.744,3.5,195.441
0.746,3.5,196.493
0.748,3.5,197.548
0.75,3.5,198.606
0.752,3.5,201.587
0.754,3.5,202.66
0.756,3.5,203.737
0.758,3.5,206.767
0.76,3.5,207.859
0.762,3.5,210.926
0.764,3.5,212.035
0.766,3.5,213.146
0.768,3.5,216.263
0.77,3.5,219.404
0.772,3.5,222.569
0.774,3.5,223.723
0.776,3.5,224.881
0.778,3.5,228.097
0.78,3.5,229.271
0.782,3.5,232.524
0.784,3.5,237.889
0.786,3.5,243.299
0.788,3.5,246.647
0.79,3.5,247.9
0.792,3.5,249.157
0.794,3.5,250.417
0.796,3.5,253.831
0.798,3.5,259.432
0.8,3.5,267.252
0.802,3.5,279.509
0.804,3.5,291.877
0.806,3.5,302.153
0.808,3.5,310.304
0.81,3.5,318.524
0.812,3.5,322.338
0.8140000000000001,3.5,323.928
0.8160000000000001,3.5,327.782
0.8180000000000001,3.5,329.391
0.8200000000000001,3.5,331.003
0.8220000000000001,3.5,334.914
0.8240000000000001,3.5,338.851
0.8260000000000001,3.5,340.498
0.8280000000000001,3.5,339.821
0.8300000000000001,3.5,339.126
0.8320000000000001,3.5,340.762
0.8340000000000001,3.5,347.125
0.8360000000000001,3.5,353.538
0.8380000000000001,3.5,364.768
0.8400000000000001,3.5,378.488
0.8420000000000001,3.5,387.513
0.8440000000000001,3.5,394.193
0.8460000000000001,3.5,396.064
0.8480000000000001,3.5,395.497
0.8500000000000001,3.5,394.912
0.8520000000000001,3.5,394.308
0.8540000000000001,3.5,391.21
0.8560000000000001,3.5,390.556
0.8580000000000001,3.5,382.387
0.74,3.6,195.204
0.742,3.6,196.261
0.744,3.6,197.32
0.746,3.6,198.383
0.748,3.6,199.448
0.75,3.6,200.516
0.752,3.6,201.587
0.754,3.6,204.59
0.756,3.6,205.677
0.758,3.6,208.718
0.76,3.6,209.82
0.762,3.6,210.926
0.764,3.6,214.016
0.766,3.6,215.138
0.768,3.6,216.263
0.77,3.6,219.404
0.772,3.6,222.569
0.774,3.6,225.757
0.776,3.6,226.925
0.778,3.6,228.097
0.78,3.6,231.336
0.782,3.6,234.6
0.784,3.6,239.975
0.786,3.6,245.396
0.788,3.6,248.755
0.79,3.6,250.019
0.792,3.6,251.286
0.794,3.6,252.557
0.796,3.6,255.982
0.798,3.6,261.594
0.8,3.6,269.425
0.802,3.6,281.692
0.804,3.6,291.877
0.806,3.6,304.359
0.808,3.6,316.953
0.81,3.6,322.979
0.812,3.6,324.576
0.8140000000000001,3.6,328.427
0.8160000000000001,3.6,330.042
0.8180000000000001,3.6,329.391
0.8200000000000001,3.6,331.003
0.8220000000000001,3.6,332.62
0.8240000000000001,3.6,336.546
0.8260000000000001,3.6,340.498
0.8280000000000001,3.6,339.821
0.8300000000000001,3.6,339.126
0.8320000000000001,3.6,340.762
0.8340000000000001,3.6,347.125
0.8360000000000001,3.6,353.538
0.8380000000000001,3.6,362.383
0.8400000000000001,3.6,376.093
0.8420000000000001,3.6,385.107
0.8440000000000001,3.6,391.775
0.8460000000000001,3.6,396.064
0.8480000000000001,3.6,395.497
0.8500000000000001,3.6,394.912
0.8520000000000001,3.6,394.308
0.8540000000000001,3.6,391.21
0.8560000000000001,3.6,388.069
0.8580000000000001,3.6,384.886
0.74,3.7,197.063
0.742,3.7,196.261
0.744,3.7,197.32
0.746,3.7,198.383
0.748,3.7,201.347
0.75,3.7,202.425
0.752,3.7,203.506
0.754,3.7,206.52
0.756,3.7,207.618
0.758,3.7,208.718
0.76,3.7,211.781
0.762,3.7,212.897
0.764,3.7,214.016
0.766,3.7,215.138
0.768,3.7,216.263
0.77,3.7,219.404
0.772,3.7,222.569
0.774,3.7,225.757
0.776,3.7,228.97
0.778,3.7,230.152
0.78,3.7,233.402
0.782,3.7,238.753
0.784,3.7,244.149
0.786,3.7,247.493
0.788,3.7,248.755
0.79,3.7,252.138
0.792,3.7,253.416
0.794,3.7,252.557
0.796,3.7,255.982
0.798,3.7,263.756
0.8,3.7,271.598
0.802,3.7,286.06
0.804,3.7,296.267
0.806,3.7,308.77
0.808,3.7,321.386
0.81,3.7,325.207
0.812,3.7,326.815
0.8140000000000001,3.7,330.676
0.8160000000000001,3.7,330.042
0.8180000000000001,3.7,329.391
0.8200000000000001,3.7,331.003
0.8220000000000001,3.7,332.62
0.8240000000000001,3.7,334.241
0.8260000000000001,3.7,338.181
0.8280000000000001,3.7,342.149
0.8300000000000001,3.7,341.465
0.8320000000000001,3.7,340.762
0.8340000000000001,3.7,347.125
0.8360000000000001,3.7,353.538
0.8380000000000001,3.7,362.383
0.8400000000000001,3.7,373.697
0.8420000000000001,3.7,385.107
0.8440000000000001,3.7,391.775
0.8460000000000001,3.7,396.064
0.8480000000000001,3.7,395.497
0.8500000000000001,3.7,394.912
0.8520000000000001,3.7,394.308
0.8540000000000001,3.7,391.21
0.8560000000000001,3.7,388.069
0.8580000000000001,3.7,384.886
0.74,3.8000000000000003,197.063
0.742,3.8000000000000003,198.13
0.744,3.8000000000000003,199.2
0.746,3.8000000000000003,200.272
0.748,3.8000000000000003,201.347
0.75,3.8000000000000003,204.335
0.752,3.8000000000000003,205.426
0.754,3.8000000000000003,206.52
0.756,3.8000000000000003,209.558
0.758,3.8000000000000003,210.668
0.76,3.8000000000000003,211.781
0.762,3.8000000000000003,212.897
0.764,3.8000000000000003,214.016
0.766,3.8000000000000003,215.138
0.768,3.8000000000000003,218.266
0.77,3.8000000000000003,219.404
0.772,3.8000000000000003,222.569
0.774,3.8000000000000003,225.757
0.776,3.8000000000000003,228.97
0.778,3.8000000000000003,232.206
0.78,3.8000000000000003,235.467
0.782,3.8000000000000003,240.829
0.784,3.8000000000000003,246.236
0.786,3.8000000000000003,249.591
0.788,3.8000000000000003,250.863
0.79,3.8000000000000003,252.138
0.792,3.8000000000000003,253.416
0.794,3.8000000000000003,252.557
0.796,3.8000000000000003,255.982
0.798,3.8000000000000003,263.756
0.8,3.8000000000000003,275.944
0.802,3.8000000000000003,288.243
0.804,3.8000000000000003,302.85
0.806,3.8000000000000003,315.386
0.808,3.8000000000000003,325.819
0.81,3.8000000000000003,325.207
0.812,3.8000000000000003,326.815
0.8140000000000001,3.8000000000000003,330.676
0.8160000000000001,3.8000000000000003,330.042
0.8180000000000001,3.8000000000000003,329.391
0.8200000000000001,3.8000000000000003,328.721
0.8220000000000001,3.8000000000000003,332.62
0.8240000000000001,3.8000000000000003,334.241
0.8260000000000001,3.8000000000000003,338.181
0.8280000000000001,3.8000000000000003,339.821
0.8300000000000001,3.8000000000000003,341.465
0.8320000000000001,3.8000000000000003,343.112
0.8340000000000001,3.8000000000000003,344.764
0.8360000000000001,3.8000000000000003,353.538
0.8380000000000001,3.8000000000000003,362.383
0.8400000000000001,3.8000000000000003,371.302
0.8420000000000001,3.8000000000000003,382.7
0.8440000000000001,3.8000000000000003,389.357
0.8460000000000001,3.8000000000000003,393.634
0.8480000000000001,3.8000000000000003,395.497
0.8500000000000001,3.8000000000000003,397.365
0.8520000000000001,3.8000000000000003,394.308
0.8540000000000001,3.8000000000000003,393.686
0.8560000000000001,3.8000000000000003,390.556
0.8580000000000001,3.8000000000000003,387.385
0.74,3.9000000000000004,198.922
0.742,3.9000000000000004,199.999
0.744,3.9000000000000004,201.079
0.746,3.9000000000000004,202.161
0.748,3.9000000000000004,203.247
0.75,3.9000000000000004,206.245
0.752,3.9000000000000004,207.346
0.754,3.9000000000000004,208.451
0.756,3.9000000000000004,209.558
0.758,3.9000000000000004,210.668
0.76,3.9000000000000004,211.781
0.762,3.9000000000000004,212.897
0.764,3.9000000000000004,214.016
0.766,3.9000000000000004,217.13
0.768,3.9000000000000004,218.266
0.77,3.9000000000000004,219.404
0.772,3.9000000000000004,222.569
0.774,3.9000000000000004,225.757
0.776,3.9000000000000004,228.97
0.778,3.9000000000000004,232.206
0.78,3.9000000000000004,237.533
0.782,3.9000000000000004,242.905
0.784,3.9000000000000004,248.322
0.786,3.9000000000000004,251.688
0.788,3.9000000000000004,255.079
0.79,3.9000000000000004,250.019
0.792,3.9000000000000004,247.027
0.794,3.9000000000000004,248.277
0.796,3.9000000000000004,255.982
0.798,3.9000000000000004,265.918
0.8,3.9000000000000004,280.289
0.802,3.9000000000000004,292.611
0.804,3.9000000000000004,309.434
0.806,3.9000000000000004,322.003
0.808,3.9000000000000004,325.819
0.81,3.9000000000000004,327.434
0.812,3.9000000000000004,329.053
0.8140000000000001,3.9000000000000004,328.427
0.8160000000000001,3.9000000000000004,330.042
0.8180000000000001,3.9000000000000004,329.391
0.8200000000000001,3.9000000000000004,328.721
0.8220000000000001,3.9000000000000004,330.326
0.8240000000000001,3.9000000000000004,334.241
0.8260000000000001,3.9000000000000004,335.865
0.8280000000000001,3.9000000000000004,339.821
0.8300000000000001,3.9000000000000004,343.803
0.8320000000000001,3.9000000000000004,343.112
0.8340000000000001,3.9000000000000004,344.764
0.8360000000000001,3.9000000000000004,351.165
0.8380000000000001,3.9000000000000004,359.999
0.8400000000000001,3.9000000000000004,371.302
0.8420000000000001,3.9000000000000004,382.7
0.8440000000000001,3.9000000000000004,389.357
0.8460000000000001,3.9000000000000004,393.634
0.8480000000000001,3.9000000000000004,395.497
0.8500000000000001,3.9000000000000004,397.365
0.8520000000000001,3.9000000000000004,396.773
0.8540000000000001,3.9000000000000004,393.686
0.8560000000000001,3.9000000000000004,393.044
0.8580000000000001,3.9000000000000004,389.884
0.74,4.0,198.922
0.742,4.0,199.999
0.744,4.0,202.958
0.746,4.0,204.051
0.748,4.0,205.146
0.75,4.0,206.245
0.752,4.0,207.346
0.754,4.0,208.451
0.756,4.0,209.558
0.758,4.0,210.668
0.76,4.0,211.781
0.762,4.0,212.897
0.764,4.0,215.998
0.766,4.0,217.13
0.768,4.0,218.266
0.77,4.0,219.404
0.772,4.0,222.569
0.774,4.0,227.791
0.776,4.0,231.014
0.778,4.0,234.261
0.78,4.0,239.598
0.782,4.0,244.981
0.784,4.0,250.409
0.786,4.0,255.883
0.788,4.0,255.079
0.79,4.0,245.781
0.792,4.0,232.121
0.794,4.0,241.856
0.796,4.0,253.831
0.798,4.0,268.08
0.8,4.0,284.635
0.802,4.0,296.978
0.804,4.0,313.823
0.806,4.0,324.208
0.808,4.0,325.819
0.81,4.0,327.434
0.812,4.0,329.053
0.8140000000000001,4.0,330.676
0.8160000000000001,4.0,332.303
0.8180000000000001,4.0,329.391
0.8200000000000001,4.0,331.003
0.8220000000000001,4.0,332.62
0.8240000000000001,4.0,334.241
0.8260000000000001,4.0,335.865
0.8280000000000001,4.0,339.821
0.8300000000000001,4.0,341.465
0.8320000000000001,4.0,343.112
0.8340000000000001,4.0,344.764
0.8360000000000001,4.0,351.165
0.8380000000000001,4.0,357.615
0.8400000000000001,4.0,368.906
0.8420000000000001,4.0,380.293
0.8440000000000001,4.0,389.357
0.8460000000000001,4.0,393.634
0.8480000000000001,4.0,397.939
0.8500000000000001,4.0,397.365
0.8520000000000001,4.0,396.773
0.8540000000000001,4.0,396.162
0.8560000000000001,4.0,393.044
0.8580000000000001,4.0,389.884
0.74,4.1000000000000005,200.782
0.742,4.1000000000000005,201.868
0.744,4.1000000000000005,202.958
0.746,4.1000000000000005,204.051
0.748,4.1000000000000005,205.146
0.75,4.1000000000000005,206.245
0.752,4.1000000000000005,207.346
0.754,4.1000000000000005,208.451
0.756,4.1000000000000005,209.558
0.758,4.1000000000000005,210.668
0.76,4.1000000000000005,211.781
0.762,4.1000000000000005,212.897
0.764,4.1000000000000005,215.998
0.766,4.1000000000000005,217.13
0.768,4.1000000000000005,218.266
0.77,4.1000000000000005,221.417
0.772,4.1000000000000005,222.569
0.774,4.1000000000000005,227.791
0.776,4.1000000000000005,231.014
0.778,4.1000000000000005,234.261
0.78,4.1000000000000005,241.664
0.782,4.1000000000000005,247.057
0.784,4.1000000000000005,252.496
0.786,4.1000000000000005,257.981
0.788,4.1000000000000005,257.187
0.79,4.1000000000000005,239.425
0.792,4.1000000000000005,217.214
0.794,4.1000000000000005,220.452
0.796,4.1000000000000005,238.773
0.798,4.1000000000000005,268.08
0.8,4.1000000000000005,288.98
0.802,4.1000000000000005,303.529
0.804,4.1000000000000005,318.212
0.806,4.1000000000000005,324.208
0.808,4.1000000000000005,328.036
0.81,4.1000000000000005,327.434
0.812,4.1000000000000005,329.053
0.8140000000000001,4.1000000000000005,332.926
0.8160000000000001,4.1000000000000005,332.303
0.8180000000000001,4.1000000000000005,331.662
0.8200000000000001,4.1000000000000005,331.003
0.8220000000000001,4.1000000000000005,332.62
0.8240000000000001,4.1000000000000005,334.241
0.8260000000000001,4.1000000000000005,335.865
0.8280000000000001,4.1000000000000005,337.493
0.8300000000000001,4.1000000000000005,341.465
0.8320000000000001,4.1000000000000005,345.462
0.8340000000000001,4.1000000000000005,347.125
0.8360000000000001,4.1000000000000005,351.165
0.8380000000000001,4.1000000000000005,357.615
0.8400000000000001,4.1000000000000005,366.511
0.8420000000000001,4.1000000000000005,377.886
0.8440000000000001,4.1000000000000005,389.357
0.8460000000000001,4.1000000000000005,393.634
0.8480000000000001,4.1000000000000005,397.939
0.8500000000000001,4.1000000000000005,397.365
0.8520000000000001,4.1000000000000005,396.773
0.8540000000000001,4.1000000000000005,396.162
0.8560000000000001,4.1000000000000005,395.532
0.8580000000000001,4.1000000000000005,392.384
0.74,4.2,202.641
0.742,4.2,203.738
0.744,4.2,202.958
0.746,4.2,204.051
0.748,4.2,205.146
0.75,4.2,206.245
0.752,4.2,207.346
0.754,4.2,208.451
0.756,4.2,209.558
0.758,4.2,210.668
0.76,4.2,211.781
0.762,4.2,214.869
0.764,4.2,215.998
0.766,4.2,217.13
0.768,4.2,220.268
0.77,4.2,221.417
0.772,4.2,222.569
0.774,4.2,227.791
0.776,4.2,231.014
0.778,4.2,234.261
0.78,4.2,241.664
0.782,4.2,247.057
0.784,4.2,254.583
0.786,4.2,260.078
0.788,4.2,255.079
0.79,4.2,226.712
0.792,4.2,200.177
0.794,4.2,196.909
0.796,4.2,193.6
0.798,4.2,248.622
0.8,4.2,293.326
0.802,4.2,307.896
0.804,4.2,318.212
0.806,4.2,324.208
0.808,4.2,328.036
0.81,4.2,327.434
0.812,4.2,329.053
0.8140000000000001,4.2,332.926
0.8160000000000001,4.2,334.564
0.8180000000000001,4.2,336.206
0.8200000000000001,4.2,335.569
0.8220000000000001,4.2,334.914
0.8240000000000001,4.2,334.241
0.8260000000000001,4.2,335.865
0.8280000000000001,4.2,337.493
0.8300000000000001,4.2,341.465
0.8320000000000001,4.2,345.462
0.8340000000000001,4.2,347.125
0.8360000000000001,4.2,351.165
0.8380000000000001,4.2,355.231
0.8400000000000001,4.2,364.115
0.8420000000000001,4.2,373.072
0.8440000000000001,4.2,384.52
0.8460000000000001,4.2,393.634
0.8480000000000001,4.2,397.939
0.8500000000000001,4.2,397.365
0.8520000000000001,4.2,399.237
0.8540000000000001,4.2,398.638
0.8560000000000001,4.2,395.532
0.8580000000000001,4.2,392.384
0.74,4.3,202.641
0.742,4.3,203.738
0.744,4.3,204.837
0.746,4.3,205.94
0.748,4.3,205.146
0.75,4.3,206.245
0.752,4.3,207.346
0.754,4.3,208.451
0.756,4.3,209.558
0.758,4.3,210.668
0.76,4.3,211.781
0.762,4.3,214.869
0.764,4.3,215.998
0.766,4.3,217.13
0.768,4.3,220.268
0.77,4.3,221.417
0.772,4.3,222.569
0.774,4.3,225.757
0.776,4.3,228.97
0.778,4.3,234.261
0.78,4.3,243.729
0.782,4.3,249.133
0.784,4.3,256.669
0.786,4.3,260.078
0.788,4.3,248.755
0.79,4.3,207.643
0.792,4.3,189.53
0.794,4.3,199.049
0.796,4.3,167.787
0.798,4.3,209.708
0.8,4.3,293.326
0.802,4.3,310.08
0.804,4.3,320.407
0.806,4.3,324.208
0.808,4.3,325.819
0.81,4.3,327.434
0.812,4.3,331.292
0.8140000000000001,4.3,332.926
0.8160000000000001,4.3,336.824
0.8180000000000001,4.3,340.749
0.8200000000000001,4.3,340.134
0.8220000000000001,4.3,339.502
0.8240000000000001,4.3,338.851
0.8260000000000001,4.3,338.181
0.8280000000000001,4.3,339.821
0.8300000000000001,4.3,341.465
0.8320000000000001,4.3,345.462
0.8340000000000001,4.3,349.487
0.8360000000000001,4.3,351.165
0.8380000000000001,4.3,355.231
0.8400000000000001,4.3,361.72
0.8420000000000001,4.3,368.258
0.8440000000000001,4.3,379.683
0.8460000000000001,4.3,388.774
0.8480000000000001,4.3,395.497
0.8500000000000001,4.3,399.818
0.8520000000000001,4.3,399.237
0.8540000000000001,4.3,398.638
0.8560000000000001,4.3,395.532
0.8580000000000001,4.3,394.883
0.74,4.4,202.641
0.742,4.4,203.738
0.744,4.4,204.837
0.746,4.4,205.94
0.748,4.4,207.046
0.75,4.4,208.154
0.752,4.4,207.346
0.754,4.4,208.451
0.756,4.4,209.558
0.758,4.4,212.619
0.76,4.4,213.742
0.762,4.4,214.869
0.764,4.4,215.998
0.766,4.4,217.13
0.768,4.4,220.268
0.77,4.4,221.417
0.772,4.4,222.569
0.774,4.4,225.757
0.776,4.4,228.97
0.778,4.4,234.261
0.78,4.4,243.729
0.782,4.4,251.209
0.784,4.4,260.843
0.786,4.4,257.981
0.788,4.4,233.998
0.79,4.4,180.098
0.792,4.4,185.271
0.794,4.4,143.401
0.796,4.4,114.009
0.798,4.4,153.497
0.8,4.4,284.635
0.802,4.4,314.447
0.804,4.4,320.407
0.806,4.4,322.003
0.808,4.4,325.819
0.81,4.4,327.434
0.812,4.4,331.292
0.8140000000000001,4.4,335.175
0.8160000000000001,4.4,339.085
0.8180000000000001,4.4,343.021
0.8200000000000001,4.4,346.983
0.8220000000000001,4.4,346.384
0.8240000000000001,4.4,345.766
0.8260000000000001,4.4,345.13
0.8280000000000001,4.4,344.476
0.8300000000000001,4.4,346.142
0.8320000000000001,4.4,347.812
0.8340000000000001,4.4,349.487
0.8360000000000001,4.4,351.165
0.8380000000000001,4.4,355.231
0.8400000000000001,4.4,359.324
0.8420000000000001,4.4,365.851
0.8440000000000001,4.4,374.846
0.8460000000000001,4.4,383.914
0.8480000000000001,4.4,390.615
0.8500000000000001,4.4,399.818
0.8520000000000001,4.4,399.237
0.8540000000000001,4.4,398.638
0.8560000000000001,4.4,398.019
0.8580000000000001,4.4,394.883
0.74,4.5,204.5
0.742,4.5,203.738
0.744,4.5,204.837
0.746,4.5,205.94
0.748,4.5,207.046
0.75,4.5,208.154
0.752,4.5,209.266
0.754,4.5,210.381
0.756,4.5,211.498
0.758,4.5,212.619
0.76,4.5,213.742
0.762,4.5,214.869
0.764,4.5,215.998
0.766,4.5,217.13
0.768,4.5,218.266
0.77,4.5,219.404
0.772,4.5,222.569
0.774,4.5,223.723
0.776,4.5,226.925
0.778,4.5,232.206
0.78,4.5,241.664
0.782,4.5,251.209
0.784,4.5,258.756
0.786,4.5,243.299
0.788,4.5,200.269
0.79,4.5,161.029
0.792,4.5,127.773
0.794,4.5,94.174
0.796,4.5,75.289
0.798,4.5,92.963
0.8,4.5,243.352
0.802,4.5,318.815
0.804,4.5,322.601
0.806,4.5,322.003
0.808,4.5,325.819
0.81,4.5,331.889
0.812,4.5,335.769
0.8140000000000001,4.5,341.924
0.8160000000000001,4.5,345.866
0.8180000000000001,4.5,349.836
0.8200000000000001,4.5,356.114
0.8220000000000001,4.5,355.559
0.8240000000000001,4.5,352.681
0.8260000000000001,4.5,352.079
0.8280000000000001,4.5,351.459
0.8300000000000001,4.5,350.82
0.8320000000000001,4.5,350.162
0.8340000000000001,4.5,351.848
0.8360000000000001,4.5,353.538
0.8380000000000001,4.5,355.231
0.8400000000000001,4.5,359.324
0.8420000000000001,4.5,363.444
0.8440000000000001,4.5,370.01
0.8460000000000001,4.5,376.625
0.8480000000000001,4.5,385.732
0.8500000000000001,4.5,392.459
0.8520000000000001,4.5,399.237
0.8540000000000001,4.5,398.638
0.8560000000000001,4.5,398.019
0.8580000000000001,4.5,394.883
0.74,4.6000000000000005,204.5
0.742,4.6000000000000005,203.738
0.744,4.6000000000000005,204.837
0.746,4.6000000000000005,205.94
0.748,4.6000000000000005,207.046
0.75,4.6000000000000005,208.154
0.752,4.6000000000000005,209.266
0.754,4.6000000000000005,210.381
0.756,4.6000000000000005,211.498
0.758,4.6000000000000005,212.619
0.76,4.6000000000000005,213.742
0.762,4.6000000000000005,214.869
0.764,4.6000000000000005,215.998
0.766,4.6000000000000005,217.13
0.768,4.6000000000000005,218.266
0.77,4.6000000000000005,217.391
0.772,4.6000000000000005,220.545
0.774,4.6000000000000005,221.689
0.776,4.6000000000000005,220.792
0.778,4.6000000000000005,230.152
0.78,4.6000000000000005,243.729
0.782,4.6000000000000005,253.285
0.784,4.6000000000000005,235.802
0.786,4.6000000000000005,197.156
0.788,4.6000000000000005,141.242
0.79,4.6000000000000005,103.821
0.792,4.6000000000000005,68.145
0.794,4.6000000000000005,62.069
0.796,4.6000000000000005,64.533
0.798,4.6000000000000005,60.534
0.8,4.6000000000000005,117.33
0.802,4.6000000000000005,310.08
0.804,4.6000000000000005,324.796
0.806,4.6000000000000005,322.003
0.808,4.6000000000000005,328.036
0.81,4.6000000000000005,334.117
0.812,4.6000000000000005,340.245
0.8140000000000001,4.6000000000000005,346.423
0.8160000000000001,4.6000000000000005,354.909
0.8180000000000001,4.6000000000000005,361.194
0.8200000000000001,4.6000000000000005,367.528
0.8220000000000001,4.6000000000000005,369.323
0.8240000000000001,4.6000000000000005,366.512
0.8260000000000001,4.6000000000000005,361.344
0.8280000000000001,4.6000000000000005,356.114
0.8300000000000001,4.6000000000000005,355.497
0.8320000000000001,4.6000000000000005,354.863
0.8340000000000001,4.6000000000000005,354.209
0.8360000000000001,4.6000000000000005,355.91
0.8380000000000001,4.6000000000000005,357.615
0.8400000000000001,4.6000000000000005,359.324
0.8420000000000001,4.6000000000000005,361.037
0.8440000000000001,4.6000000000000005,365.173
0.8460000000000001,4.6000000000000005,371.765
0.8480000000000001,4.6000000000000005,380.849
0.8500000000000001,4.6000000000000005,387.553
0.8520000000000001,4.6000000000000005,394.308
0.8540000000000001,4.6000000000000005,398.638
0.8560000000000001,4.6000000000000005,398.019
0.8580000000000001,4.6000000000000005,397.382
0.74,4.7,204.5
0.742,4.7,205.607
0.744,4.7,204.837
0.746,4.7,205.94
0.748,4.7,207.046
0.75,4.7,208.154
0.752,4.7,209.266
0.754,4.7,210.381
0.756,4.7,211.498
0.758,4.7,212.619
0.76,4.7,213.742
0.762,4.7,212.897
0.764,4.7,214.016
0.766,4.7,215.138
0.768,4.7,214.261
0.77,4.7,215.378
0.772,4.7,214.475
0.774,4.7,213.554
0.776,4.7,216.704
0.778,4.7,228.097
0.78,4.7,243.729
0.782,4.7,224.22
0.784,4.7,181.547
0.786,4.7,125.844
0.788,4.7,92.756
0.79,4.7,63.564
0.792,4.7,68.145
0.794,4.7,85.613
0.796,4.7,90.347
0.798,4.7,62.696
0.8,4.7,67.356
0.802,4.7,246.754
0.804,4.7,324.796
0.806,4.7,326.414
0.808,4.7,332.469
0.81,4.7,340.799
0.812,4.7,349.199
0.8140000000000001,4.7,355.421
0.8160000000000001,4.7,363.951
0.8180000000000001,4.7,372.552
0.8200000000000001,4.7,381.225
0.8220000000000001,4.7,387.674
0.8240000000000001,4.7,387.258
0.8260000000000001,4.7,377.559
0.8280000000000001,4.7,367.751
0.8300000000000001,4.7,362.514
0.8320000000000001,4.7,359.563
0.8340000000000001,4.7,358.932
0.8360000000000001,4.7,358.283
0.8380000000000001,4.7,359.999
0.8400000000000001,4.7,359.324
0.8420000000000001,4.7,361.037
0.8440000000000001,4.7,362.755
0.8460000000000001,4.7,369.335
0.8480000000000001,4.7,375.966
0.8500000000000001,4.7,382.648
0.8520000000000001,4.7,389.379
0.8540000000000001,4.7,393.686
0.8560000000000001,4.7,398.019
0.8580000000000001,4.7,397.382
0.74,4.800000000000001,204.5
0.742,4.800000000000001,205.607
0.744,4.800000000000001,204.837
0.746,4.800000000000001,205.94
0.748,4.800000000000001,207.046
0.75,4.800000000000001,208.154
0.752,4.800000000000001,209.266
0.754,4.800000000000001,210.381
0.756,4.800000000000001,211.498
0.758,4.800000000000001,210.668
0.76,4.800000000000001,211.781
0.762,4.800000000000001,210.926
0.764,4.800000000000001,212.035
0.766,4.800000000000001,211.154
0.768,4.800000000000001,210.256
0.77,4.800000000000001,209.34
0.772,4.800000000000001,206.382
0.774,4.800000000000001,201.351
0.776,4.800000000000001,210.57
0.778,4.800000000000001,226.042
0.78,4.800000000000001,208.616
0.782,4.800000000000001,166.089
0.784,4.800000000000001,114.771
0.786,4.800000000000001,88.091
0.788,4.800000000000001,61.135
0.79,4.800000000000001,72.039
0.792,4.800000000000001,97.959
0.794,4.800000000000001,121.998
0.796,4.800000000000001,116.16
0.798,4.800000000000001,75.668
0.8,4.800000000000001,60.838
0.802,4.800000000000001,102.632
0.804,4.800000000000001,320.407
0.806,4.800000000000001,330.825
0.808,4.800000000000001,341.334
0.81,4.800000000000001,349.709
0.812,4.800000000000001,358.153
0.8140000000000001,4.800000000000001,366.668
0.8160000000000001,4.800000000000001,375.254
0.8180000000000001,4.800000000000001,386.182
0.8200000000000001,4.800000000000001,394.921
0.8220000000000001,4.800000000000001,403.732
0.8240000000000001,4.800000000000001,412.614
0.8260000000000001,4.800000000000001,405.354
0.8280000000000001,4.800000000000001,391.027
0.8300000000000001,4.800000000000001,376.547
0.8320000000000001,4.800000000000001,368.963
0.8340000000000001,4.800000000000001,363.655
0.8360000000000001,4.800000000000001,363.028
0.8380000000000001,4.800000000000001,362.383
0.8400000000000001,4.800000000000001,361.72
0.8420000000000001,4.800000000000001,361.037
0.8440000000000001,4.800000000000001,362.755
0.8460000000000001,4.800000000000001,364.476
0.8480000000000001,4.800000000000001,371.084
0.8500000000000001,4.800000000000001,375.289
0.8520000000000001,4.800000000000001,381.986
0.8540000000000001,4.800000000000001,388.734
0.8560000000000001,4.800000000000001,393.044
0.8580000000000001,4.800000000000001,394.883
0.74,4.9,204.5
0.742,4.9,205.607
0.744,4.9,204.837
0.746,4.9,205.94
0.748,4.9,207.046
0.75,4.9,208.154
0.752,4.9,209.266
0.754,4.9,208.451
0.756,4.9,209.558
0.758,4.9,208.718
0.76,4.9,209.82
0.762,4.9,208.955
0.764,4.9,206.09
0.766,4.9,203.186
0.768,4.9,200.244
0.77,4.9,197.262
0.772,4.9,190.195
0.774,4.9,193.216
0.776,4.9,202.393
0.778,4.9,186.998
0.78,4.9,140.454
0.782,4.9,97.577
0.784,4.9,77.209
0.786,4.9,58.727
0.788,4.9,71.675
0.79,4.9,101.703
0.792,4.9,140.55
0.794,4.9,173.366
0.796,4.9,150.578
0.798,4.9,99.449
0.8,4.9,67.356
0.802,4.9,65.51
0.804,4.9,215.068
0.806,4.9,339.647
0.808,4.9,347.984
0.81,4.9,356.391
0.812,4.9,364.868
0.8140000000000001,4.9,375.666
0.8160000000000001,4.9,386.557
0.8180000000000001,4.9,402.084
0.8200000000000001,4.9,415.466
0.8220000000000001,4.9,426.671
0.8240000000000001,4.9,437.97
0.8260000000000001,4.9,442.415
0.8280000000000001,4.9,421.285
0.8300000000000001,4.9,404.612
0.8320000000000001,4.9,390.114
0.8340000000000001,4.9,373.101
0.8360000000000001,4.9,367.774
0.8380000000000001,4.9,364.768
0.8400000000000001,4.9,364.115
0.8420000000000001,4.9,363.444
0.8440000000000001,4.9,362.755
0.8460000000000001,4.9,364.476
0.8480000000000001,4.9,366.201
0.8500000000000001,4.9,370.383
0.8520000000000001,4.9,377.057
0.8540000000000001,4.9,383.782
0.8560000000000001,4.9,388.069
0.8580000000000001,4.9,392.384
0.74,5.0,204.5
0.742,5.0,205.607
0.744,5.0,204.837
0.746,5.0,205.94
0.748,5.0,207.046
0.75,5.0,208.154
0.752,5.0,207.346
0.754,5.0,208.451
0.756,5.0,207.618
0.758,5.0,206.767
0.76,5.0,205.898
0.762,5.0,203.041
0.764,5.0,198.163
0.766,5.0,193.226
0.768,5.0,186.227
0.77,5.0,179.146
0.772,5.0,174.008
0.774,5.0,176.945
0.776,5.0,163.55
0.778,5.0,115.076
0.78,5.0,82.62
0.782,5.0,70.588
0.784,5.0,56.342
0.786,5.0,65.019
0.788,5.0,103.296
0.79,5.0,150.435
0.792,5.0,212.955
0.794,5.0,261.118
0.796,5.0,204.356
0.798,5.0,134.04
0.8,5.0,78.22
0.802,5.0,63.326
0.804,5.0,96.561
0.806,5.0,330.825
0.808,5.0,336.902
0.81,5.0,334.117
0.812,5.0,338.007
0.8140000000000001,5.0,355.421
0.8160000000000001,5.0,382.035
0.8180000000000001,5.0,404.355
0.8200000000000001,5.0,426.88
0.8220000000000001,5.0,447.317
0.8240000000000001,5.0,0.001
0.8260000000000001,5.0,0.001
0.8280000000000001,5.0,0.001
0.8300000000000001,5.0,442.033
0.8320000000000001,5.0,415.965
0.8340000000000001,5.0,396.714
0.8360000000000001,5.0,382.01
0.8380000000000001,5.0,371.92
0.8400000000000001,5.0,368.906
0.8420000000000001,5.0,363.444
0.8440000000000001,5.0,362.755
0.8460000000000001,5.0,362.046
0.8480000000000001,5.0,363.76
0.8500000000000001,5.0,365.478
0.8520000000000001,5.0,369.664
0.8540000000000001,5.0,376.354
0.8560000000000001,5.0,383.094
0.8580000000000001,5.0,387.385
0.74,5.1000000000000005,202.641
0.742,5.1000000000000005,203.738
0.744,5.1000000000000005,204.837
0.746,5.1000000000000005,205.94
0.748,5.1000000000000005,207.046
0.75,5.1000000000000005,206.245
0.752,5.1000000000000005,205.426
0.754,5.1000000000000005,206.52
0.756,5.1000000000000005,203.737
0.758,5.1000000000000005,202.866
0.76,5.1000000000000005,198.055
0.762,5.1000000000000005,193.185
0.764,5.1000000000000005,186.274
0.766,5.1000000000000005,175.298
0.768,5.1000000000000005,164.2
0.77,5.1000000000000005,154.992
0.772,5.1000000000000005,153.775
0.774,5.1000000000000005,142.369
0.776,5.1000000000000005,96.086
0.778,5.1000000000000005,69.867
0.78,5.1000000000000005,61.965
0.782,5.1000000000000005,53.979
0.784,5.1000000000000005,66.776
0.786,5.1000000000000005,96.481
0.788,5.1000000000000005,158.107
0.79,5.1000000000000005,243.663
0.792,5.1000000000000005,300.266
0.794,5.1000000000000005,308.205
0.796,5.1000000000000005,294.702
0.798,5.1000000000000005,183.764
0.8,5.1000000000000005,104.294
0.802,5.1000000000000005,69.877
0.804,5.1000000000000005,63.642
0.806,5.1000000000000005,156.59
0.808,5.1000000000000005,248.243
0.81,5.1000000000000005,240.564
0.812,5.1000000000000005,241.753
0.8140000000000001,5.1000000000000005,265.441
0.8160000000000001,5.1000000000000005,311.958
0.8180000000000001,5.1000000000000005,358.922
0.8200000000000001,5.1000000000000005,401.77
0.8220000000000001,5.1000000000000005,451.904
0.8240000000000001,5.1000000000000005,0.001
0.8260000000000001,5.1000000000000005,0.001
0.8280000000000001,5.1000000000000005,0.001
0.8300000000000001,5.1000000000000005,0.001
0.8320000000000001,5.1000000000000005,0.001
0.8340000000000001,5.1000000000000005,432.135
0.8360000000000001,5.1000000000000005,408.11
0.8380000000000001,5.1000000000000005,388.609
0.8400000000000001,5.1000000000000005,376.093
0.8420000000000001,5.1000000000000005,370.665
0.8440000000000001,5.1000000000000005,362.755
0.8460000000000001,5.1000000000000005,362.046
0.8480000000000001,5.1000000000000005,361.318
0.8500000000000001,5.1000000000000005,363.025
0.8520000000000001,5.1000000000000005,367.2
0.8540000000000001,5.1000000000000005,368.926
0.8560000000000001,5.1000000000000005,375.631
0.8580000000000001,5.1000000000000005,379.887
0.74,5.2,202.641
0.742,5.2,203.738
0.744,5.2,204.837
0.746,5.2,204.051
0.748,5.2,205.146
0.75,5.2,204.335
0.752,5.2,203.506
0.754,5.2,202.66
0.756,5.2,199.856
0.758,5.2,193.112
0.76,5.2,186.289
0.762,5.2,177.415
0.764,5.2,164.476
0.766,5.2,153.386
0.768,5.2,138.168
0.77,5.2,130.837
0.772,5.2,119.378
0.774,5.2,81.354
0.776,5.2,63.376
0.778,5.2,55.483
0.78,5.2,51.638
0.782,5.2,66.435
0.784,5.2,93.903
0.786,5.2,144.721
0.788,5.2,265.619
0.79,5.2,307.227
0.792,5.2,327.95
0.794,5.2,331.749
0.796,5.2,314.062
0.798,5.2,278.89
0.8,5.2,139.058
0.802,5.2,80.795
0.804,5.2,68.032
0.806,5.2,83.809
0.808,5.2,161.801
0.81,5.2,164.831
0.812,5.2,165.646
0.8140000000000001,5.2,175.461
0.8160000000000001,5.2,212.493
0.8180000000000001,5.2,254.426
0.8200000000000001,5.2,308.176
0.8220000000000001,5.2,387.674
0.8240000000000001,5.2,0.001
0.8260000000000001,5.2,0.001
0.8280000000000001,5.2,0.001
0.8300000000000001,5.2,0.001
0.8320000000000001,5.2,0.001
0.8340000000000001,5.2,0.001
0.8360000000000001,5.2,453.192
0.8380000000000001,5.2,419.602
0.8400000000000001,5.2,392.861
0.8420000000000001,5.2,377.886
0.8440000000000001,5.2,370.01
0.8460000000000001,5.2,362.046
0.8480000000000001,5.2,361.318
0.8500000000000001,5.2,363.025
0.8520000000000001,5.2,364.735
0.8540000000000001,5.2,366.45
0.8560000000000001,5.2,368.168
0.8580000000000001,5.2,374.889
0.74,5.300000000000001,202.641
0.742,5.300000000000001,201.868
0.744,5.300000000000001,202.958
0.746,5.300000000000001,202.161
0.748,5.300000000000001,201.347
0.75,5.300000000000001,200.516
0.752,5.300000000000001,199.667
0.754,5.300000000000001,196.87
0.756,5.300000000000001,190.154
0.758,5.300000000000001,181.409
0.76,5.300000000000001,170.602
0.762,5.300000000000001,157.702
0.764,5.300000000000001,142.678
0.766,5.300000000000001,125.497
0.768,5.300000000000001,114.139
0.77,5.300000000000001,100.644
0.772,5.300000000000001,70.817
0.774,5.300000000000001,56.948
0.776,5.300000000000001,51.109
0.778,5.300000000000001,49.318
0.78,5.300000000000001,66.096
0.782,5.300000000000001,93.425
0.784,5.300000000000001,141.898
0.786,5.300000000000001,247.493
0.788,5.300000000000001,314.105
0.79,5.300000000000001,341.128
0.792,5.300000000000001,372.671
0.794,5.300000000000001,370.274
0.796,5.300000000000001,342.027
0.798,5.300000000000001,311.319
0.8,5.300000000000001,202.069
0.802,5.300000000000001,106.999
0.804,5.300000000000001,76.81
0.806,5.300000000000001,63.959
0.808,5.300000000000001,101.957
0.81,5.300000000000001,124.737
0.812,5.300000000000001,127.592
0.8140000000000001,5.300000000000001,137.219
0.8160000000000001,5.300000000000001,155.979
0.8180000000000001,5.300000000000001,172.646
0.8200000000000001,5.300000000000001,200.885
0.8220000000000001,5.300000000000001,250.038
0.8240000000000001,5.300000000000001,327.325
0.8260000000000001,5.300000000000001,440.099
0.8280000000000001,5.300000000000001,0.001
0.8300000000000001,5.300000000000001,0.001
0.8320000000000001,5.300000000000001,0.001
0.8340000000000001,5.300000000000001,0.001
0.8360000000000001,5.300000000000001,0.001
0.8380000000000001,5.300000000000001,0.001
0.8400000000000001,5.300000000000001,435.98
0.8420000000000001,5.300000000000001,397.141
0.8440000000000001,5.300000000000001,379.683
0.8460000000000001,5.300000000000001,366.906
0.8480000000000001,5.300000000000001,361.318
0.8500000000000001,5.300000000000001,360.572
0.8520000000000001,5.300000000000001,362.271
0.8540000000000001,5.300000000000001,363.973
0.8560000000000001,5.300000000000001,365.68
0.8580000000000001,5.300000000000001,367.391
0.74,5.4,200.782
0.742,5.4,199.999
0.744,5.4,201.079
0.746,5.4,200.272
0.748,5.4,197.548
0.75,5.4,196.696
0.752,5.4,191.987
0.754,5.4,185.289
0.756,5.4,176.572
0.758,5.4,165.804
0.76,5.4,152.953
0.762,5.4,136.018
0.764,5.4,114.935
0.766,5.4,101.593
0.768,5.4,86.105
0.77,5.4,60.386
0.772,5.4,50.584
0.774,5.4,46.779
0.776,5.4,49.065
0.778,5.4,65.758
0.78,5.4,92.948
0.782,5.4,141.175
0.784,5.4,235.802
0.786,5.4,310.416
0.788,5.4,352.051
0.79,5.4,415.286
0.792,5.4,0.001
0.794,5.4,0.001
0.796,5.4,391.502
0.798,5.4,339.424
0.8,5.4,297.671
0.802,5.4,146.305
0.804,5.4,87.783
0.806,5.4,72.781
0.808,5.4,70.927
0.81,5.4,100.235
0.812,5.4,102.969
0.8140000000000001,5.4,112.475
0.8160000000000001,5.4,126.592
0.8180000000000001,5.4,140.843
0.8200000000000001,5.4,159.795
0.8220000000000001,5.4,181.221
0.8240000000000001,5.4,218.985
0.8260000000000001,5.4,284.906
0.8280000000000001,5.4,395.682
0.8300000000000001,5.4,0.001
0.8320000000000001,5.4,0.001
0.8340000000000001,5.4,0.001
0.8360000000000001,5.4,0.001
0.8380000000000001,5.4,0.001
0.8400000000000001,5.4,0.001
0.8420000000000001,5.4,447.686
0.8440000000000001,5.4,401.448
0.8460000000000001,5.4,381.485
0.8480000000000001,5.4,363.76
0.8500000000000001,5.4,360.572
0.8520000000000001,5.4,359.806
0.8540000000000001,5.4,361.497
0.8560000000000001,5.4,360.705
0.8580000000000001,5.4,364.892
0.74,5.5,198.922
0.742,5.5,198.13
0.744,5.5,197.32
0.746,5.5,196.493
0.748,5.5,193.749
0.75,5.5,189.058
0.752,5.5,182.388
0.754,5.5,171.779
0.756,5.5,161.049
0.758,5.5,148.248
0.76,5.5,129.422
0.762,5.5,106.449
0.764,5.5,93.137
0.766,5.5,73.705
0.768,5.5,52.063
0.77,5.5,46.296
0.772,5.5,44.514
0.774,5.5,46.779
0.776,5.5,63.376
0.778,5.5,92.472
0.78,5.5,140.454
0.782,5.5,238.753
0.784,5.5,310.925
0.786,5.5,354.461
0.788,5.5,0.001
0.79,5.5,0.001
0.792,5.5,0.001
0.794,5.5,0.001
0.796,5.5,0.001
0.798,5.5,393.472
0.8,5.5,323.745
0.802,5.5,220.55
0.804,5.5,116.312
0.806,5.5,83.809
0.808,5.5,70.927
0.81,5.5,75.733
0.812,5.5,85.061
0.8140000000000001,5.5,94.479
0.8160000000000001,5.5,106.247
0.8180000000000001,5.5,120.398
0.8200000000000001,5.5,134.684
0.8220000000000001,5.5,149.106
0.8240000000000001,5.5,175.188
0.8260000000000001,5.5,210.784
0.8280000000000001,5.5,263.012
0.8300000000000001,5.5,332.109
0.8320000000000001,5.5,0.001
0.8340000000000001,5.5,0.001
0.8360000000000001,5.5,0.001
0.8380000000000001,5.5,0.001
0.8400000000000001,5.5,0.001
0.8420000000000001,5.5,0.001
0.8440000000000001,5.5,471.581
0.8460000000000001,5.5,405.783
0.8480000000000001,5.5,378.408
0.8500000000000001,5.5,363.025
0.8520000000000001,5.5,357.342
0.8540000000000001,5.5,359.021
0.8560000000000001,5.5,358.217
0.8580000000000001,5.5,359.893
0.74,5.6000000000000005,197.063
0.742,5.6000000000000005,196.261
0.744,5.6000000000000005,193.562
0.746,5.6000000000000005,190.825
0.748,5.6000000000000005,186.151
0.75,5.6000000000000005,179.509
0.752,5.6000000000000005,168.949
0.754,5.6000000000000005,158.268
0.756,5.6000000000000005,143.586
0.758,5.6000000000000005,124.84
0.76,5.6000000000000005,101.969
0.762,5.6000000000000005,84.765
0.764,5.6000000000000005,67.376
0.766,5.6000000000000005,47.809
0.768,5.6000000000000005,42.051
0.77,5.6000000000000005,40.258
0.772,5.6000000000000005,44.514
0.774,5.6000000000000005,63.049
0.776,5.6000000000000005,89.952
0.778,5.6000000000000005,137.68
0.78,5.6000000000000005,237.533
0.782,5.6000000000000005,311.416
0.784,5.6000000000000005,352.659
0.786,5.6000000000000005,0.001
0.788,5.6000000000000005,0.001
0.79,5.6000000000000005,0.001
0.792,5.6000000000000005,0.001
0.794,5.6000000000000005,0.001
0.796,5.6000000000000005,0.001
0.798,5.6000000000000005,0.001
0.8,5.6000000000000005,360.682
0.802,5.6000000000000005,303.529
0.804,5.6000000000000005,164.593
0.806,5.6000000000000005,97.042
0.808,5.6000000000000005,79.792
0.81,5.6000000000000005,71.278
0.812,5.6000000000000005,76.108
0.8140000000000001,5.6000000000000005,83.231
0.8160000000000001,5.6000000000000005,92.683
0.8180000000000001,5.6000000000000005,104.496
0.8200000000000001,5.6000000000000005,116.422
0.8220000000000001,5.6000000000000005,128.46
0.8240000000000001,5.6000000000000005,149.832
0.8260000000000001,5.6000000000000005,176.04
0.8280000000000001,5.6000000000000005,207.151
0.8300000000000001,5.6000000000000005,254.929
0.8320000000000001,5.6000000000000005,336.062
0.8340000000000001,5.6000000000000005,410.883
0.8360000000000001,5.6000000000000005,0.001
0.8380000000000001,5.6000000000000005,0.001
0.8400000000000001,5.6000000000000005,0.001
0.8420000000000001,5.6000000000000005,0.001
0.8440000000000001,5.6000000000000005,0.001
0.8460000000000001,5.6000000000000005,0.001
0.8480000000000001,5.6000000000000005,407.704
0.8500000000000001,5.6000000000000005,375.289
0.8520000000000001,5.6000000000000005,359.806
0.8540000000000001,5.6000000000000005,356.545
0.8560000000000001,5.6000000000000005,358.217
0.8580000000000001,5.6000000000000005,357.394
0.74,5.7,195.204
0.742,5.7,192.523
0.744,5.7,187.924
0.746,5.7,183.268
0.748,5.7,174.754
0.75,5.7,166.142
0.752,5.7,153.59
0.754,5.7,140.897
0.756,5.7,122.242
0.758,5.7,97.532
0.76,5.7,78.438
0.762,5.7,59.138
0.764,5.7,43.596
0.766,5.7,39.84
0.768,5.7,38.046
0.77,5.7,44.283
0.772,5.7,62.724
0.774,5.7,87.455
0.776,5.7,134.929
0.778,5.7,238.371
0.78,5.7,311.891
0.782,5.7,355.015
0.784,5.7,0.001
0.786,5.7,0.001
0.788,5.7,0.001
0.79,5.7,0.001
0.792,5.7,0.001
0.794,5.7,0.001
0.796,5.7,0.001
0.798,5.7,0.001
0.8,5.7,0.001
0.802,5.7,334.1
0.804,5.7,263.348
0.806,5.7,127.919
0.808,5.7,93.091
0.81,5.7,80.188
0.812,5.7,76.108
0.8140000000000001,5.7,76.483
0.8160000000000001,5.7,83.641
0.8180000000000001,5.7,93.138
0.8200000000000001,5.7,105.008
0.8220000000000001,5.7,114.697
0.8240000000000001,5.7,131.391
0.8260000000000001,5.7,150.56
0.8280000000000001,5.7,174.566
0.8300000000000001,5.7,208.153
0.8320000000000001,5.7,258.509
0.8340000000000001,5.7,349.487
0.8360000000000001,5.7,386.756
0.8380000000000001,5.7,0.001
0.8400000000000001,5.7,0.001
0.8420000000000001,5.7,0.001
0.8440000000000001,5.7,0.001
0.8460000000000001,5.7,0.001
0.8480000000000001,5.7,0.001
0.8500000000000001,5.7,409.629
0.8520000000000001,5.7,369.664
0.8540000000000001,5.7,356.545
0.8560000000000001,5.7,355.73
0.8580000000000001,5.7,354.895
0.74,5.800000000000001,191.486
0.742,5.800000000000001,186.915
0.744,5.800000000000001,180.407
0.746,5.800000000000001,173.821
0.748,5.800000000000001,163.357
0.75,5.800000000000001,150.864
0.752,5.800000000000001,140.151
0.754,5.800000000000001,119.666
0.756,5.800000000000001,95.077
0.758,5.800000000000001,72.173
0.76,5.800000000000001,54.906
0.762,5.800000000000001,41.397
0.764,5.800000000000001,37.651
0.766,5.800000000000001,35.856
0.768,5.800000000000001,44.054
0.77,5.800000000000001,60.386
0.772,5.800000000000001,84.981
0.774,5.800000000000001,130.166
0.776,5.800000000000001,226.925
0.778,5.800000000000001,312.349
0.78,5.800000000000001,359.398
0.782,5.800000000000001,0.001
0.784,5.800000000000001,0.001
0.786,5.800000000000001,0.001
0.788,5.800000000000001,0.001
0.79,5.800000000000001,0.001
0.792,5.800000000000001,0.001
0.794,5.800000000000001,0.001
0.796,5.800000000000001,0.001
0.798,5.800000000000001,0.001
0.8,5.800000000000001,0.001
0.802,5.800000000000001,384.325
0.804,5.800000000000001,316.018
0.806,5.800000000000001,187.467
0.808,5.800000000000001,110.823
0.81,5.800000000000001,93.553
0.812,5.800000000000001,85.061
0.8140000000000001,5.800000000000001,80.982
0.8160000000000001,5.800000000000001,85.901
0.8180000000000001,5.800000000000001,88.595
0.8200000000000001,5.800000000000001,98.16
0.8220000000000001,5.800000000000001,110.109
0.8240000000000001,5.800000000000001,124.476
0.8260000000000001,5.800000000000001,141.295
0.8280000000000001,5.800000000000001,162.928
0.8300000000000001,5.800000000000001,191.782
0.8320000000000001,5.800000000000001,232.658
0.8340000000000001,5.800000000000001,297.536
0.8360000000000001,5.800000000000001,332.183
0.8380000000000001,5.800000000000001,383.84
0.8400000000000001,5.800000000000001,0.001
0.8420000000000001,5.800000000000001,0.001
0.8440000000000001,5.800000000000001,0.001
0.8460000000000001,5.800000000000001,0.001
0.8480000000000001,5.800000000000001,0.001
0.8500000000000001,5.800000000000001,0.001
0.8520000000000001,5.800000000000001,401.702
0.8540000000000001,5.800000000000001,366.45
0.8560000000000001,5.800000000000001,355.73
0.8580000000000001,5.800000000000001,352.396
0.74,5.9,185.909
0.742,5.9,179.439
0.744,5.9,171.011
0.746,5.9,160.595
0.748,5.9,150.061
0.75,5.9,137.497
0.752,5.9,119.032
0.754,5.9,94.575
0.756,5.9,65.972
0.758,5.9,50.716
0.76,5.9,41.18
0.762,5.9,35.483
0.764,5.9,35.669
0.766,5.9,43.824
0.768,5.9,60.073
0.77,5.9,84.541
0.772,5.9,125.448
0.774,5.9,221.689
0.776,5.9,312.789
0.778,5.9,363.722
0.78,5.9,0.001
0.782,5.9,0.001
0.784,5.9,0.001
0.786,5.9,0.001
0.788,5.9,0.001
0.79,5.9,0.001
0.792,5.9,0.001
0.794,5.9,0.001
0.796,5.9,0.001
0.798,5.9,0.001
0.8,5.9,0.001
0.802,5.9,0.001
0.804,5.9,351.131
0.806,5.9,299.948
0.808,5.9,144.07
0.81,5.9,111.372
0.812,5.9,96.254
0.8140000000000001,5.9,89.98
0.8160000000000001,5.9,92.683
0.8180000000000001,5.9,95.41
0.8200000000000001,5.9,102.725
0.8220000000000001,5.9,110.109
0.8240000000000001,5.9,119.866
0.8260000000000001,5.9,134.346
0.8280000000000001,5.9,155.945
0.8300000000000001,5.9,180.088
0.8320000000000001,5.9,216.208
0.8340000000000001,5.9,271.561
0.8360000000000001,5.9,308.456
0.8380000000000001,5.9,326.622
0.8400000000000001,5.9,383.279
0.8420000000000001,5.9,0.001
0.8440000000000001,5.9,0.001
0.8460000000000001,5.9,0.001
0.8480000000000001,5.9,0.001
0.8500000000000001,5.9,0.001
0.8520000000000001,5.9,0.001
0.8540000000000001,5.9,396.162
0.8560000000000001,5.9,363.193
0.8580000000000001,5.9,352.396
